c_id,name,origin
C00315,"Spermidine; N-(3-Aminopropyl)-1,4-butane-diamine",blue
C21881,[Protein]-S-[1-(5-O-phosphono-beta-D-ribofuranosyl)-5-(sulfanylcarbonyl)pyridin-1-ium-3-carbonyl]-L-cysteine,blue
C00068,Thiamin diphosphate; Thiamine diphosphate; Thiamin pyrophosphate; TPP; ThPP,blue
C04896,5-(5-Phospho-D-ribosylaminoformimino)-1-(5-phosphoribosyl)-imidazole-4-carboxamide; N-(5'-Phospho-D-ribosylformimino)-5-amino-1-(5''-phospho-D-ribosyl)-4-imidazolecarboxamide; N-(5'-Phosphoribosylformimino)-5-amino-1-(5''-phosphoribosyl)-4-imidazolecarboxamide; Phosphoribosyl-formimino-AICAR-phosphate; 1-(5-Phosphoribosyl)-5-[(5-phosphoribosylamino)methylideneamino]imidazole-4-carboxamide; 1-(5-Phospho-beta-D-ribosyl)-5-[(5-phospho-beta-D-ribosylamino)methylideneamino]imidazole-4-carboxamide,blue
C00530,"Hydroquinone; p-Benzenediol; 1,4-Benzenediol; 1,4-Dihydroxybenzene; Benzene-1,4-diol; Quinol; 4-Hydroxyphenol",blue
C19787,5'-S-Methyl-5'-thioinosine; 5'-Deoxy-5'-methylthioinosine; S-Methyl-5'-thioinosine,blue
C05838,cis-2-Hydroxycinnamate; 2-Coumarinate,blue
C05762,3-Oxohexadecanoyl-[acp]; 3-Oxohexadecanoyl-[acyl-carrier protein],blue
C00042,Succinate; Succinic acid; Butanedionic acid; Ethylenesuccinic acid,blue
C00502,D-Xylonate,blue
C01250,N-Acetyl-L-glutamate 5-semialdehyde; 2-Acetamido-5-oxopentanoate,blue
C03492,D-4'-Phosphopantothenate; (R)-4'-Phosphopantothenate,blue
C20562,"N-[(7,8-Dihydropterin-6-yl)methyl]-4-(beta-D-ribofuranosyl)aniline 5'-phosphate",blue
C20372,3-Ketoglutaryl-[acp] methyl ester; 3-Ketoglutaryl-[acyl-carrier protein] methyl ester,blue
C02843,Long-chain acyl-CoA; Long-chain-fatty acyl-CoA,blue
C00141,3-Methyl-2-oxobutanoic acid; 3-Methyl-2-oxobutyric acid; 3-Methyl-2-oxobutanoate; 2-Oxo-3-methylbutanoate; 2-Oxoisovalerate; 2-Oxoisopentanoate; alpha-Ketovaline; 2-Ketovaline; 2-Keto-3-methylbutyric acid; alpha-Ketoisovalerate,green
C04556,4-Amino-2-methyl-5-(phosphooxymethyl)pyrimidine; (4-Amino-2-methylpyrimidin-5-yl)methyl phosphate; 4-Amino-5-hydroxymethyl-2-methylpyrimidine phosphate; HMP-P,blue
C01112,D-Arabinose 5-phosphate,blue
C05695,gamma-Glutamyl-Se-methylselenocysteine; 5-L-Glutamyl-Se-methylselenocysteine,blue
C16243,Cobalt-precorrin 5B,blue
C11811,1-Hydroxy-2-methyl-2-butenyl 4-diphosphate; (E)-4-Hydroxy-3-methyl-but-2-enyl diphosphate; (E)-4-Hydroxy-3-methylbut-2-en-1-yl diphosphate,blue
C00636,D-Mannose 1-phosphate; alpha-D-Mannose 1-phosphate,blue
C04154,rRNA containing N6-methyladenine; rRNA(N6-methyladenine); N6-Methyladenine in rRNA,blue
C04691,2-Dehydro-3-deoxy-D-arabino-heptonate 7-phosphate; 3-Deoxy-D-arabino-hept-2-ulosonate 7-phosphate; 3-Deoxy-arabino-heptulonate 7-phosphate; 3-Deoxy-D-arabino-heptulosonic acid 7-phosphate; DAHP; 2-Dahp,blue
C00021,S-Adenosyl-L-homocysteine; S-Adenosylhomocysteine,blue
C01168,Pseudouridine 5'-phosphate,blue
C05198,5'-Deoxyadenosine,blue
C00002,ATP; Adenosine 5'-triphosphate,green
C17323,tRNA containing 5-carboxymethylaminomethyl-2-thiouridine; tRNA containing cmnm5s2U,blue
C05539,N-Acetyl-L-2-amino-6-oxopimelate; L-2-Acetamido-6-oxoheptanedioate; L-2-Acetamido-6-oxopimelate,blue
C19879,"D-glycero-alpha-D-manno-Heptose 1,7-bisphosphate",blue
C11538,Cobalt-sirohydrochlorin; Cobalt-factor II,blue
C00036,Oxaloacetate; Oxalacetic acid; Oxaloacetic acid; 2-Oxobutanedioic acid; 2-Oxosuccinic acid; keto-Oxaloacetate,blue
C00352,D-Glucosamine 6-phosphate; D-Glucosamine phosphate,blue
C02291,L-Cystathionine,blue
C00007,Oxygen; O2,blue
C01289,"N-Acetyl-D-glucosaminyldiphosphoundecaprenol; N-Acetyl-D-glucosaminyldiphospho-ditrans,octacis-undecaprenol; N-Acetyl-alpha-D-glucosaminyl-diphospho-ditrans,octacis-undecaprenol; Lipid I",blue
C06193,Guanosine 3'-phosphate; 3'-GMP; 3'-Guanylic acid; Guo-3'-P; Gp,blue
C00655,Xanthosine 5'-phosphate; Xanthylic acid; XMP; (9-D-Ribosylxanthine)-5'-phosphate,green
C00763,D-Proline,blue
C00233,4-Methyl-2-oxopentanoate; 2-Oxoisocaproate; alpha-Ketoisocaproate,blue
C04895,"7,8-Dihydroneopterin 3'-triphosphate; 2-Amino-4-hydroxy-6-(erythro-1,2,3-trihydroxypropyl)dihydropteridine triphosphate; 6-(L-erythro-1,2-Dihydroxypropyl 3-triphosphate)-7,8-dihydropterin; 6-[(1S,2R)-1,2-Dihydroxy-3-triphosphooxypropyl]-7,8-dihydropterin",blue
C00248,Lipoamide; Thioctic acid amide,blue
C00275,D-Mannose 6-phosphate,blue
C05973,2-Acyl-sn-glycero-3-phosphoethanolamine; L-1-Lysophosphatidylethanolamine; O-(2-Acyl-sn-glycero-3-phospho)-ethanolamine,blue
C17949,N-Acetyldemethylphosphinothricin; N-Adpt,blue
C00561,Mandelonitrile; Benzaldehyde cyanohydrin; (R)-Mandelonitrile,blue
C00131,dATP; 2'-Deoxyadenosine 5'-triphosphate; Deoxyadenosine 5'-triphosphate; Deoxyadenosine triphosphate,green
C01762,Xanthosine,green
C00204,2-Dehydro-3-deoxy-D-gluconate; 2-Keto-3-deoxy-D-gluconate; 2-Dehydro-3-deoxy-D-gluconic acid,blue
C03069,3-Methylcrotonyl-CoA; 3-Methylbut-2-enoyl-CoA; 3-Methylcrotonoyl-CoA; Dimethylacryloyl-CoA,blue
C01571,Decanoic acid; Decanoate; Decylic acid; n-Capric acid,green
C04919,"2,3,2'3'-Tetrakis(3-hydroxytetradecanoyl)-D-glucosaminyl-1,6-beta-D-glucosamine 1,4'-bisphosphate; 2,3,2'3'-Tetrakis(beta-hydroxymyristoyl)-D-glucosaminyl-1,6-beta-D-glucosamine 1,4'-bisphosphate; Lipid A disaccharide bisphosphate; Lipid IV(A); Lipid IVA; 2-Deoxy-2-{[(3R)-3-hydroxytetradecanoyl]amino}-3-O-[(3R)-3-hydroxytetradecanoyl]-4-O-phospho-beta-D-glucopyranosyl-(1->6)-2-deoxy-3-O-[(3R)-3-hydroxytetradecanoyl]-2-{[(3R)-3-hydroxytetradecanoyl]amino}-1-O-phospho-alpha-D-glucopyranose",blue
C00159,D-Mannose; Mannose; Seminose; Carubinose; D-Mannopyranose,green
C19845,Pimeloyl-[acyl-carrier protein]; Pimeloyl-[acp]; Pimelyl-[acyl-carrier protein]; Pimelyl-[acp]; 7-Hydroxy-7-oxoheptanoyl-[acyl-carrier protein],blue
C00063,CTP; Cytidine 5'-triphosphate; Cytidine triphosphate,blue
C00818,D-Glucarate; D-Glucaric acid; L-Gularic acid; D-Saccharic acid; D-Glucosaccharic acid; Glucaric acid; Glucarate,blue
C00033,Acetate; Acetic acid; Ethanoic acid,green
C04088,Octadecanoyl-[acyl-carrier protein]; Stearoyl-[acyl-carrier protein],blue
C17322,tRNA containing 2-thiouridine; tRNA containing s2U,blue
C05263,3-Oxododecanoyl-CoA,blue
C06025,KDO2-lipid IVA; Di[3-deoxy-D-manno-octulosonyl]-lipid IV(A); KDO2-lipid IV(A); alpha-Kdo-(2->4)-alpha-Kdo-(2->6)-[lipid IVA],blue
C00416,"Phosphatidate; Phosphatidic acid; 1,2-Diacyl-sn-glycerol 3-phosphate; 3-sn-Phosphatidate",blue
C21018,Enzyme N6-(S-propyldihydrolipoyl)lysine; S-Propyldihydrolipoamide-E,blue
C00104,IDP; Inosine 5'-diphosphate; Inosine diphosphate,blue
C00049,L-Aspartate; L-Aspartic acid; 2-Aminosuccinic acid; L-Asp,green
C00886,L-Alanyl-tRNA; L-Alanyl-tRNA(Ala),blue
C00124,D-Galactose; D-Galactopyranose,blue
C06507,Adenosyl cobyrinate hexaamide; Adenosylcobyric acid,blue
C05817,"(1R,6R)-6-Hydroxy-2-succinylcyclohexa-2,4-diene-1-carboxylate; (1R,6R)-2-Succinyl-6-hydroxy-2,4-cyclohexadiene-1-carboxylate; SHCHC",blue
C00155,L-Homocysteine; L-2-Amino-4-mercaptobutyric acid; Homocysteine,blue
C00993,D-Alanyl-D-alanine; D-Ala-D-Ala,blue
C17223,3-(5'-Methylthio)pentylmalic acid; 3-(5'-Methylthio)pentylmalate,blue
C19859,"6-Methoxy-3-methyl-2-all-trans-polyprenyl-1,4-benzoquinol",blue
C03972,"2,3,4,5-Tetrahydrodipicolinate; Delta1-Piperidine-2,6-dicarboxylate; L-2,3,4,5-Tetrahydrodipicolinate; (S)-2,3,4,5-Tetrahydropyridine-2,6-dicarboxylate",blue
C01186,"(3S,5S)-3,5-Diaminohexanoate; L-erythro-3,5-Diaminohexanoate; (3S,5S)-3,5-Diaminocaproate; L-erythro-3,5-Diaminocaproate",blue
C00877,Crotonoyl-CoA; Crotonyl-CoA; 2-Butenoyl-CoA; trans-But-2-enoyl-CoA; But-2-enoyl-CoA; (E)-But-2-enoyl-CoA; (2E)-But-2-enoyl-CoA,blue
C05848,4-Hydroxy-3-polyprenylbenzoate; 4-Hydroxy-3-all-trans-polyprenylbenzoate; 3-Polyprenyl-4-hydroxybenzoate,blue
C04236,(2S)-2-Isopropyl-3-oxosuccinate; 3-Carboxy-4-methyl-2-oxopentanoate; 2-Oxo-4-methyl-3-carboxypentanoate,blue
C05703,Methaneselenol; Methylselenol,blue
C00627,Pyridoxine phosphate; Pyridoxine 5'-phosphate; Pyridoxine 5-phosphate; Pyridoxol 5'-phosphate,blue
C00140,N-Acetyl-D-glucosamine; N-Acetylchitosamine; 2-Acetamido-2-deoxy-D-glucose; GlcNAc,green
C00029,UDP-glucose; UDPglucose; UDP-D-glucose; Uridine diphosphate glucose; UDP-alpha-D-glucose,blue
C00568,4-Aminobenzoate; ABEE; 4-Aminobenzoic acid; p-Aminobenzoate,blue
C20390,"N-Acetyl-alpha-D-glucosaminyl-diphospho-trans,octacis-decaprenol",blue
C04257,N-Acetyl-D-mannosamine 6-phosphate; N-Acetylmannosamine 6-phosphate,blue
C17219,3-(4'-Methylthio)butylmalic acid; 3-(4'-Methylthio)butylmalate,blue
C16466,7-Methyl-3-oxo-6-octenoyl-CoA; 7-Methyl-3-oxooct-6-enoyl-CoA,blue
C05527,3-Sulfinylpyruvate; 3-Sulfinopyruvate,blue
C21153,Adenosylcobalamin 5'-phosphate,blue
C17017,Cyclic dehypoxanthine futalosine,blue
C00134,"Putrescine; 1,4-Butanediamine; 1,4-Diaminobutane; Tetramethylenediamine; Butane-1,4-diamine",green
C00402,D-Aspartate; D-Aspartic acid,blue
C00010,CoA; Coenzyme A; CoA-SH,blue
C01151,"D-Ribose 1,5-bisphosphate; Ribose 1,5-bisphosphate; alpha-D-Ribose 1,5-bisphosphate",blue
C04732,"5-Amino-6-(1-D-ribitylamino)uracil; 5-Amino-6-(D-ribitylamino)uracil; 6-(1-D-Ribitylamino)-5-amino-2,4-dihydroxypyrimidine; 6-(1-D-Ribitylamino)-5-aminouracil; 4-(1-D-Ribitylamino)-5-amino-2,6-dihydroxypyrimidine",blue
C00350,Phosphatidylethanolamine; (3-Phosphatidyl)ethanolamine; (3-Phosphatidyl)-ethanolamine; Cephalin; O-(1-beta-Acyl-2-acyl-sn-glycero-3-phospho)ethanolamine; 1-Acyl-2-acyl-sn-glycero-3-phosphoethanolamine; L-1-Phosphatidylethanolamine,blue
C04631,UDP-N-acetyl-3-(1-carboxyvinyl)-D-glucosamine; UDP-N-acetyl-3-O-(1-carboxyvinyl)-D-glucosamine; UDP-N-acetylglucosamine-3-O-pyruvateether; UDP-N-acetylglucosamine enolpyruvate; UDP-N-acetyl-3-O-(1-carboxyvinyl)-alpha-D-glucosamine,blue
C15973,Enzyme N6-(dihydrolipoyl)lysine; Dihydrolipoamide-E; [E2 protein]-N6-[(R)-dihydrolipoyl]-L-lysine; [Lipoyl-carrier protein E2]-N6-[(R)-dihydrolipoyl]-L-lysine,blue
C20836,beta-L-Fucopyranose; beta-L-Fucose,blue
C00455,Nicotinamide D-ribonucleotide; NMN; Nicotinamide mononucleotide; Nicotinamide ribonucleotide; Nicotinamide nucleotide; beta-Nicotinamide D-ribonucleotide; beta-Nicotinamide ribonucleotide; beta-Nicotinamide mononucleotide,blue
C00105,UMP; Uridylic acid; Uridine monophosphate; Uridine 5'-monophosphate; 5'Uridylic acid; Uridylate,green
C02527,Butanoylphosphate; Butanoyl phosphate,blue
C02714,N-Acetylputrescine,blue
C02964,4-O-beta-D-Glucopyranosyl-D-mannose,blue
C00117,D-Ribose 5-phosphate; Ribose 5-phosphate,blue
C07838,D-glycero-beta-D-manno-Heptose 1-phosphate,blue
C18237,Molybdoenzyme molybdenum cofactor; Molybdenum cofactor,blue
C18096,D-Allulose 6-phosphate,blue
C05627,4-Hydroxystyrene; 4-Vinylphenol,blue
C02988,L-Histidyl-tRNA(His),blue
C00399,Ubiquinone; Coenzyme Q; CoQ; Q,blue
C06032,"D-erythro-3-Methylmalate; (2R,3S)-3-Methylmalate",blue
C05768,Coproporphyrinogen I,blue
C05754,trans-Dec-2-enoyl-[acp]; trans-Dec-2-enoyl-[acyl-carrier protein]; trans-2-Decenoyl-[acyl-carrier protein]; (2E)-Decenoyl-[acp],blue
C20752,2-Methylthio-N6-L-threonylcarbamoyladenine in tRNA; 2-(Methylsulfanyl)-N6-L-threonylcarbamoyladenine in tRNA; ms2t6A in tRNA,blue
C00018,Pyridoxal phosphate; Pyridoxal 5'-phosphate; Pyridoxal 5-phosphate; PLP,blue
C04778,"N1-(5-Phospho-alpha-D-ribosyl)-5,6-dimethylbenzimidazole; alpha-Ribazole 5'-phosphate",blue
C16237,Protein N6-(lipoyl)lysine; [Lipoyl-carrier protein]-N6-(lipoyl)lysine,blue
C01101,L-Ribulose 5-phosphate,blue
C04377,"5,10-Methylenetetrahydromethanopterin; N5,N10-Methylenetetrahydromethanopterin",blue
C00361,dGDP; 2'-Deoxyguanosine 5'-diphosphate,green
C00498,ADP-glucose; ADP-alpha-D-glucose; Adenosine diphosphoglucose,blue
C16698,N-Acetylmuramic acid 6-phosphate; N-Acetylmuramate 6-phosphate; MurNAc 6-phosphate,blue
C00473,Retinol; all-trans-Retinol; Vitamin A; Vitamin A1,green
C03127,L-Isoleucyl-tRNA(Ile),blue
C01132,N-Acetyl-D-galactosamine; N-Acetyl-D-chondrosamine; 2-Acetamido-2-deoxy-D-galactose,blue
C00683,(S)-Methylmalonyl-CoA; (S)-Methylmalonyl-coenzyme A; (2S)-Methylmalonyl-CoA; D-Methylmalonyl-CoA,blue
C22438,"3,5-Dehydroshikimate",blue
C01118,O-Succinyl-L-homoserine; O4-Succinyl-L-homoserine; O-Succinylhomoserine,blue
C20858,Protein N5-methyl-L-glutamine,blue
C05824,S-Sulfo-L-cysteine,blue
C00039,DNA; DNAn; DNAn+1; (Deoxyribonucleotide)n; (Deoxyribonucleotide)m; (Deoxyribonucleotide)n+m; Deoxyribonucleic acid,blue
C02051,Lipoylprotein; [H-protein]-lipoyllysine; [GCSH]-N6-lipoyl-L-lysine; [GcvH]-N6-lipoyl-L-lysine; [Glycine cleavage system H]-N6-lipoyl-L-lysine; [Glycine-cleavage complex H protein]-N6-lipoyl-L-lysine,blue
C01176,"17alpha-Hydroxyprogesterone; 17alpha-Hydroxy-4-pregnene-3,20-dione; Pregn-4-ene-3,20-dione-17-ol; 17alpha-Hydroxy-progesterone",blue
C04233,2-Acyl-sn-glycero-3-phosphocholine; 2-Acylglycero-3-phosphocholine; 1-Lysophosphatidylcholine; 1-Lysolecithin; 3-Lysolecithin,blue
C01641,tRNA(Glu),blue
C06503,"Hydrogenobyrinate a,c diamide; Hydrogenobyrinate diamide; Hydrogenobyrinic acid a,c-diamide",blue
C03363,5-L-Glutamyl amino acid; L-gamma-Glutamyl amino acid,blue
C11481,HSO3-; Hydrogen sulfite; Bisulfite,blue
C11404,(3R)-6-Hydroxy-3-isopropenyl-heptanoate,blue
C06128,GM4; N-Acetylneuraminyl-galactosylceramide; Neu5Ac-alpha2->3Gal-beta1->1'Cer,blue
C03375,"Norspermidine; Bis(3-aminopropyl)amine; 3,3'-Iminobispropylamine",blue
C04462,N-Succinyl-2-L-amino-6-oxoheptanedioate; N-Succinyl-L-2-amino-6-oxoheptanedioate; N-Succinyl-L-2-amino-6-oxopimelate; N-Succinyl-2-amino-6-oxo-L-pimelic acid; N-Succinyl-epsilon-keto-L-aminopimelic acid; (S)-2-(Succinylamino)-6-oxoheptanedioate,blue
C00037,Glycine; Aminoacetic acid; Gly,green
C04287,"3D-3,5/4-Trihydroxycyclohexane-1,2-dione; D-2,3-Diketo-4-deoxy-epi-inositol; (3R,4S,5R)-3,4,5-Trihydroxy-1,2-cyclohexanedione; 3,5/4-Trihydroxycyclohexa-1,2-dione",blue
C00231,D-Xylulose 5-phosphate,blue
C00647,Pyridoxamine phosphate; Pyridoxamine 5'-phosphate; Pyridoxamine 5-phosphate,blue
C00704,Superoxide; O2.-; Superoxide anion; O2-,blue
C03294,N-Formylmethionyl-tRNA,blue
C01187,3-Deoxy-D-manno-octulosonate; Ketodeoxyoctonate; KDO; 2-Dehydro-3-deoxy-D-octonate; 3-Deoxy-D-manno-2-octulosonate; 3-Deoxyoctulosonic acid,blue
C18796,(2R)-2-Hydroxy-2-methylbutanenitrile; 2-Hydroxy-2-methylbutanenitrile,blue
C04294,5-(2-Hydroxyethyl)-4-methylthiazole; 4-Methyl-5-(2'-hydroxyethyl)-thiazole; 4-Methyl-5-(2-hydroxyethyl)thiazole; HET,green
C01345,dITP; 2'-Deoxyinosine-5'-triphosphate; 2'-Deoxyinosine 5'-triphosphate,blue
C21152,"N,N'-Diacetylchitobiose 6'-phosphate",blue
C05640,Cinnavalininate; Cinnabarinic acid,blue
C00385,Xanthine,green
C01096,Sorbitol 6-phosphate; D-Sorbitol 6-phosphate; D-Glucitol 6-phosphate,blue
C04582,S-Methyl-5-thio-D-ribulose 1-phosphate; 5-(Methylsulfanyl)-D-ribulose 1-phosphate,blue
C02946,4-Acetamidobutanoate; N4-Acetylaminobutanoate,blue
C05396,Lactose 6'-phosphate,blue
C02702,L-Prolyl-tRNA(Pro),blue
C06251,Lauroyl-KDO2-lipid IV(A); Dodecanoyl-KDO2-lipid IV(A),blue
C05335,L-Selenomethionine,blue
C04006,1D-myo-Inositol 3-phosphate; D-myo-Inositol 3-phosphate; myo-Inositol 3-phosphate; Inositol 3-phosphate; 1D-myo-Inositol 3-monophosphate; D-myo-Inositol 3-monophosphate; myo-Inositol 3-monophosphate; Inositol 3-monophosphate; 1L-myo-Inositol 1-phosphate; L-myo-Inositol 1-phosphate,blue
C19745,"UDP-2,3-diacetamido-2,3-dideoxy-alpha-D-mannuronate; UDP-alpha-D-ManNAc3NAcA; UDP-2,3-diacetamido-2,3-dideoxy-alpha-D-mannuronic acid",blue
C00069,Alcohol,blue
C20641,L-Threonylcarbamoyladenylate; L-Threonylcarbamoyl-AMP; TC-AMP,blue
C00475,Cytidine,green
C20751,N6-L-Threonylcarbamoyladenine in tRNA; t6A in tRNA,blue
C02163,L-Arginyl-tRNA(Arg); L-Arginyl-tRNA,blue
C02282,Glutaminyl-tRNA; L-Glutaminyl-tRNA(Gln); Glutaminyl-tRNA(Gln); Gln-tRNA(Gln),blue
C16631,alpha-Fluoro-beta-ureidopropionic acid; 2-Fluoro-3-ureidopropionic acid,blue
C02741,Phosphoribosyl-AMP; N1-(5-Phospho-D-ribosyl)-AMP; 1-(5-Phosphoribosyl)-AMP; 1-(5-Phospho-beta-D-ribosyl)-AMP,blue
C00120,Biotin; D-Biotin; Vitamin H; Coenzyme R,blue
C00582,Phenylacetyl-CoA; Phenylacetyl coenzyme A,blue
C15547,"1,4-Dihydroxy-2-naphthoyl-CoA",blue
C00092,D-Glucose 6-phosphate; Glucose 6-phosphate; Robison ester,blue
C20769,"UDP-2-acetamido-2,6-dideoxy-beta-L-lyxo-4-hexulose; UDP-4-keto-N-acetyl-beta-L-rhamnosamine; UDP-4-keto-L-RhaNAc",blue
C01045,N-Formyl-L-glutamate,blue
C00169,Carbamoyl phosphate,blue
C00380,Cytosine,green
C00369,Starch; Glycogen,blue
C06311,Galactitol 1-phosphate; L-Galactitol 1-phosphate; D-Galactitol 6-phosphate,blue
C06423,Octanoic acid; Caprylic acid; Octylic acid; Octanoate,green
C20796,N6-Dimethyladenine in rRNA; rRNA containing N6-dimethyladenine,blue
C04832,Coenzyme M 7-mercaptoheptanoylthreonine-phosphate heterodisulfide; Coenzyme M-HTP heterodisulfide; CoM-S-S-CoB; N-{7-[(2-Sulfoethyl)dithio]heptanoyl}-3-O-phospho-L-threonine,blue
C11436,2-Phospho-4-(cytidine 5'-diphospho)-2-C-methyl-D-erythritol,blue
C01528,Hydrogen selenide; Selenide,blue
C01037,"7,8-Diaminononanoate; 7,8-Diaminopelargonic acid; DAPA; 7,8-Diaminononanoic acid",blue
C05753,3-Oxodecanoyl-[acp]; 3-Oxodecanoyl-[acyl-carrier protein],blue
C21462,KDO2-lipid A 4'-(2-aminoethyl diphosphate),blue
C01898,Cellodextrin; Cellooligosaccharide,blue
C06157,[Dihydrolipoyllysine-residue succinyltransferase] S-glutaryldihydrolipoyllysine; S-Glutaryldihydrolipoamide-E,blue
C00663,beta-D-Glucose 1-phosphate,blue
C06614,trans-3-Chloroacrylic acid,blue
C00103,D-Glucose 1-phosphate; alpha-D-Glucose 1-phosphate; Cori ester; D-Glucose alpha-1-phosphate,blue
C11420,(5S)-6-Hydroxy-5-isopropenyl-2-methylhexanoate,blue
C01755,Thiocyanate; Thiocyanic acid,blue
C00061,FMN; Riboflavin-5-phosphate; Flavin mononucleotide,blue
C06188,Salicin 6-phosphate; Salicin-6P,blue
C05758,trans-Dodec-2-enoyl-[acp]; trans-Dodec-2-enoyl-[acyl-carrier protein]; (2E)-Dodecenoyl-[acp],blue
C00330,Deoxyguanosine; 2'-Deoxyguanosine,blue
C01131,L-Rhamnulose 1-phosphate,blue
C11542,Cobalt-precorrin 6; Cobalt-precorrin 6A,blue
C16565,Aminopropylcadaverine,blue
C00249,Hexadecanoic acid; Hexadecanoate; Hexadecylic acid; Palmitic acid; Palmitate; Cetylic acid,green
C00198,"D-Glucono-1,5-lactone; Gluconic lactone; Gluconic acid lactone; 1,5-Gluconolactone; delta-Gluconolactone; D-Gluconolactone; Gluconolactone",blue
C03345,2-Methylbut-2-enoyl-CoA; trans-2-Methylbut-2-enoyl-CoA; (E)-2-Methylbut-2-enoyl-CoA; Tiglyl-CoA; (E)-2-Methylcrotonoyl-CoA; Methylcrotonoyl-CoA; Methylcrotonyl-CoA; Tigloyl-CoA; 2-Methylcrotanoyl-CoA,blue
C03508,L-2-Amino-3-oxobutanoic acid; L-2-Amino-3-oxobutanoate; L-2-Amino-acetoacetate; (S)-2-Amino-3-oxobutanoic acid,blue
C06408,Precorrin 8X; Precorrin 8; Precorrin-8X,blue
C04442,2-Dehydro-3-deoxy-6-phospho-D-gluconate; 6-Phospho-2-dehydro-3-deoxy-D-gluconate; 2-Keto-3-deoxy-6-phosphogluconate; 2-Dehydro-3-deoxy-D-gluconate 6-phosphate,blue
C02995,Maltose 6'-phosphate,blue
C16551,Alcophosphamide,blue
C06224,"3,4-Dihydroxystyrene",blue
C21749,5-Fluorouridine triphosphate,blue
C00409,Methanethiol; Methylmercaptan,blue
C17213,Homomethionine; L-Homomethionine,blue
C01367,3'-AMP; 3'-Adenylic acid; 3'-Adenosine monophosphate; Adenosine-3'-monophosphate; Adenosine 3'-phosphate; AMP 3'-phosphate,blue
C02504,alpha-Isopropylmalate; (2S)-2-Isopropylmalate; (2S)-2-Hydroxy-2-isopropylsuccinic acid; 2-Isopropylmalic acid; 3-Carboxy-3-hydroxy-4-methylpentanoate; 3-Carboxy-3-hydroxyisocaproate; (2S)-2-Isopropylmalic acid,blue
C00804,Propynoate; Propiolic acid; Acetylenecarboxylic acid; Acetylenemonocarboxylate,blue
C01885,1-Acylglycerol; Glyceride; Monoglyceride; Monoacylglycerol; 1-Monoacylglycerol,blue
C02415,Histone-L-lysine,blue
C02338,beta-L-Rhamnose; beta-6-Deoxy-L-mannose; beta-L-Mannomethylose; beta-L-Rhamnopyranose,blue
C00079,L-Phenylalanine; (S)-alpha-Amino-beta-phenylpropionic acid,blue
C02336,beta-D-Fructose; beta-Fruit sugar; beta-D-arabino-Hexulose; beta-Levulose; Fructose,blue
C00167,UDP-glucuronate; UDPglucuronate; UDP-D-glucuronate; UDP-alpha-D-glucuronate,blue
C04824,"Lipid X; 2,3-Diacylglucosamine 1-phosphate; 2,3-Bis[(3R)-3-hydroxymyristoyl]-alpha-D-glucosaminyl 1-phosphate; 2,3-Bis(3-hydroxytetradecanoyl)-alpha-D-glucosaminyl 1-phosphate",blue
C15812,[Enzyme]-S-sulfanylcysteine,blue
C03341,2-Amino-4-oxopentanoic acid; 2-Amino-4-oxopentanoate; (2R)-2-Amino-4-oxopentanoate,blue
C01674,"Chitobiose; Diacetylchitobiose; N,N'-Diacetylchitobiose",blue
C19846,Pimeloyl-[acyl-carrier protein] methyl ester; Pimeloyl-[acp] methyl ester; Pimelyl-[acyl-carrier protein] methyl ester; Pimelyl-[acp] methyl ester,blue
C04554,"3alpha,7alpha-Dihydroxy-5beta-cholestanate; 3alpha,7alpha-Dihydroxy-5beta-cholestanoate",blue
C00741,"Diacetyl; Biacetyl; Dimethylglyoxal; 2,3-Butanedione",blue
C00593,Sulfoacetaldehyde; 2-Sulfoacetaldehyde; 2-Oxoethanesulfonate,blue
C01352,FADH2,blue
C00161,2-Oxo acid; 2-Oxocarboxylate; 2-Oxocarboxylic acid; 2-Oxo carboxylate,blue
C20248,7-Carboxy-7-carbaguanine; 7-Carboxy-7-deazaguanine,blue
C06187,Arbutin 6-phosphate; Arbutin-6P,blue
C21995,1-PEtN-KDO2-lipid A; H. pylori KDO2-lipid A 1-(2-aminoethyl phosphate),blue
C06506,"Adenosyl cobyrinate a,c diamide; Adenosyl cobyrinate diamide; Adenosylcob(III)yrinic acid a,c-diamide; Adenosylcobyrinic acid a,c-diamide",blue
C00417,cis-Aconitate; cis-Aconitic acid,blue
C06407,Precorrin 4,blue
C00267,alpha-D-Glucose,blue
C05810,2-Octaprenylphenol,blue
C22155,[Fe-S] cluster scaffold protein,blue
C05759,3-Oxotetradecanoyl-[acp]; 3-Oxotetradecanoyl-[acyl-carrier protein],blue
C16238,Lipoyl-AMP,blue
C05696,3'-Phosphoadenylylselenate; 3'-Phosphoadenosine-5'-phosphoselenate,blue
C04483,"Deoxycholic acid; Deoxycholate; 3alpha,12alpha-Dihydroxy-5beta-cholanate; 3alpha,12alpha-Dihydroxy-5beta-cholanic acid",blue
C02962,D-Allose 6-phosphate,blue
C02637,3-Dehydroshikimate,blue
C06567,Penicilloic acid,blue
C17212,3-(2'-Methylthio)ethylmalic acid; 3-(2'-Methylthio)ethylmalate,blue
C00463,"Indole; 2,3-Benzopyrrole",blue
C20758,[Ribosomal protein uS12]-3-methylthioaspartate; 3-(Methylsulfanyl)-L-aspartate-[ribosomal protein uS12],blue
C05623,"Isoquercitrin; Quercetin 3-O-glucoside; 2-(3,4-Dihidroxyphenyl)-3-(beta-D-glucofuranosyloxy)-5,7-dihydroxy-4H-1-benzopyran-4-one; Isotrifoliin",green
C00885,Isochorismate; Isochorismic acid,blue
C00162,Fatty acid,blue
C06006,(S)-2-Aceto-2-hydroxybutanoate; (S)-2-Hydroxy-2-ethyl-3-oxobutanoate; (2S)-2-Ethyl-2-hydroxy-3-oxobutanoic acid,blue
C04188,S-Methyl-5-thio-D-ribose 1-phosphate; S-Methyl-5-thio-alpha-D-ribose 1-phosphate; S-Methyl-5-thio-5-deoxy-D-ribose 1-phosphate,blue
C00207,Acetone; Dimethyl ketone; 2-Propanone; Propan-2-one,blue
C18910,"2,5-Diamino-6-(5-phospho-D-ribitylamino)pyrimidin-4(3H)-one; 2,5-Diamino-6-(1-D-ribitylamino)pyrimidin-4(3H)-one 5'-phosphate",blue
C20958,L-Alanyl-L-glutamate,blue
C04246,But-2-enoyl-[acyl-carrier protein]; (2E)-But-2-enoyl-[acp]; (2E)-Butenoyl-[acp],blue
C00179,Agmatine; (4-Aminobutyl) guanidine,green
C00077,"L-Ornithine; (S)-2,5-Diaminovaleric acid; (S)-2,5-Diaminopentanoic acid; (S)-2,5-Diaminopentanoate",green
C00441,L-Aspartate 4-semialdehyde; Aspartate beta-semialdehyde; L-Aspartic 4-semialdehyde,blue
C03862,Dolichyl phosphate D-mannose; Dolichyl D-mannosyl phosphate; Dolichyl beta-D-mannosyl phosphate,blue
C03453,gamma-Oxalocrotonate; (Z)-5-Oxohex-2-enedioate; 4-Oxalocrotonate; (2Z)-5-Oxohex-2-enedioic acid,blue
C00246,Butanoic acid; Butanoate; Butyrate; Butyric acid,green
C02097,dTDP-galactose; dTDP-D-galactose,blue
C20378,Enoylpimeloyl-[acp] methyl ester; Enoylpimeloyl-[acyl-carrier protein] methyl ester,blue
C00086,Urea; Carbamide,blue
C19871,Guanylyl molybdenum cofactor; Molybdopterin guanine dinucleotide cofactor,blue
C01097,D-Tagatose 6-phosphate,blue
C03344,2-Methylacetoacetyl-CoA; 2-Methyl-3-acetoacetyl-CoA,blue
C01635,tRNA(Ala),blue
C03838,5'-Phosphoribosylglycinamide; GAR; N1-(5-Phospho-D-ribosyl)glycinamide; Glycinamide ribonucleotide; N1-(5-Phospho-beta-D-ribosyl)glycinamide,blue
C01117,Nucleoside 5'-phosphate,blue
C06056,4-Hydroxy-L-threonine; Hydroxythreonine,blue
C00446,alpha-D-Galactose 1-phosphate; alpha-D-Galactopyranose 1-phosphate,blue
C03125,L-Cysteinyl-tRNA(Cys),blue
C01113,D-Galactose 6-phosphate; 6-Phospho-D-galactose,blue
C01212,UDP-N-acetylmuramoyl-L-alanine; UDP-N-acetyl-alpha-D-muramoyl-L-alanine,blue
C02679,Dodecanoic acid; Dodecanoate; Dodecylcarboxylate; Lauric acid,green
C00681,1-Acyl-sn-glycerol 3-phosphate; 2-Lysophosphatidate; Lysophosphatidate; Lysophosphatidic acid,blue
C00178,Thymine; 5-Methyluracil,green
C00024,Acetyl-CoA; Acetyl coenzyme A,blue
C00512,Benzoyl-CoA; S-Benzoyl-coenzyme A,blue
C00905,D-Fructuronate; D-Fructuronic acid,blue
C05922,Formamidopyrimidine nucleoside triphosphate,blue
C01419,Cys-Gly; L-Cysteinylglycine,blue
C04751,1-(5-Phospho-D-ribosyl)-5-amino-4-imidazolecarboxylate; 1-(5'-Phosphoribosyl)-5-amino-4-imidazolecarboxylate; 1-(5'-Phosphoribosyl)-5-amino-4-carboxyimidazole; 5'-Phosphoribosyl-5-amino-4-imidazolecarboxylate; 1-(5'-Phosphoribosyl)-4-carboxy-5-aminoimidazole; 5'-Phosphoribosyl-4-carboxy-5-aminoimidazole; 5-Amino-1-(5-phospho-D-ribosyl)imidazole-4-carboxylate,blue
C02188,Protein lysine; Peptidyl-L-lysine; [Protein]-L-lysine,blue
C04666,D-erythro-1-(Imidazol-4-yl)glycerol 3-phosphate; D-erythro-Imidazole-glycerol 3-phosphate; D-erythro-Imidazole-glycerol phosphate,blue
C06891,"D-2,3-Diketo 4-deoxy-epi-inositol; DKDI",blue
C05688,L-Selenocysteine,green
C00089,Sucrose; Cane sugar; Saccharose; 1-alpha-D-Glucopyranosyl-2-beta-D-fructofuranoside,green
C00221,beta-D-Glucose; beta-D-Glucopyranose,blue
C19770,N-Acetyl-beta-muramate 6-phosphate,blue
C00721,Dextrin,blue
C20251,"1-Keto-D-chiro-inositol; 2D-2,3,5/4,6-Pentahydroxycyclohexanone",blue
C16219,3-Oxostearoyl-[acp]; 3-Oxooctadecanoyl-[acp]; beta-Ketostearoyl-[acp]; 3-Ketostearoyl-[acp],blue
C05394,3-Keto-beta-D-galactose,blue
C00689,"alpha,alpha'-Trehalose 6-phosphate; Trehalose 6-phosphate",blue
C04574,"di-trans,poly-cis-Undecaprenyl diphosphate; Undecaprenyl diphosphate; Bactoprenyl diphosphate; ditrans,octacis-Undecaprenyl diphosphate",blue
C20246,"2-[(2R,5Z)-2-Carboxy-4-methylthiazol-5(2H)-ylidene]ethyl phosphate; cThz*-P",blue
C05698,Selenohomocysteine,blue
C00861,L-Rhamnulose; 6-Deoxy-L-fructose,blue
C00148,L-Proline; 2-Pyrrolidinecarboxylic acid,green
C04230,1-Acyl-sn-glycero-3-phosphocholine; 1-Acyl-sn-glycerol-3-phosphocholine; alpha-Acylglycerophosphocholine; 2-Lysolecithin; 2-Lysophosphatidylcholine; 1-Acylglycerophosphocholine,blue
C20376,3-Ketopimeloyl-[acp] methyl ester; 3-Ketopimeloyl-[acyl-carrier protein] methyl ester,blue
C16338,3-Oxo-OPC4-CoA,blue
C21214,Dimethylallyl phosphate; Prenyl phosphate,blue
C06755,Chloroacetic acid; Chloroethanoic acid,blue
C15979,[Dihydrolipoyllysine-residue (2-methylpropanoyl)transferase] S-(2-methylbutanoyl)dihydrolipoyllysine; S-(2-Methylbutanoyl)-dihydrolipoamide-E,blue
C00454,NDP; Nucleoside diphosphate; Nucleoside 5'-diphosphate,blue
C21955,"L-Galactono-1,5-lactone",blue
C20375,Glutaryl-[acp] methyl ester; Glutaryl-[acyl-carrier protein] methyl ester,blue
C00144,GMP; Guanosine 5'-phosphate; Guanosine monophosphate; Guanosine 5'-monophosphate; Guanylic acid,green
C21008,"7,8-Dihydromonapterin",blue
C04157,tRNA containing N1-methylguanine; N1-Methylguanine in tRNA,blue
C00065,L-Serine; L-2-Amino-3-hydroxypropionic acid; L-3-Hydroxy-alanine; Serine,green
C04916,N-(5'-Phospho-D-1'-ribulosylformimino)-5-amino-1-(5''-phospho-D-ribosyl)-4-imidazolecarboxamide; 5-[(5-Phospho-1-deoxyribulos-1-ylamino)methylideneamino]-1-(5-phosphoribosyl)imidazole-4-carboxamide; Phosphoribulosyl-formimino-AICAR-phosphate; 5-[(5-Phospho-1-deoxy-D-ribulos-1-ylamino)methylideneamino]-1-(5-phospho-beta-D-ribosyl)imidazole-4-carboxamide,blue
C05445,"3alpha,7alpha-Dihydroxy-5beta-cholestan-26-al",blue
C01595,"Linoleate; Linoleic acid; (9Z,12Z)-Octadecadienoic acid; 9-cis,12-cis-Octadecadienoate; 9-cis,12-cis-Octadecadienoic acid",green
C04419,Carboxybiotin-carboxyl-carrier protein; [Biotin carboxyl-carrier protein]-carboxybiotin-N6-L-lysine; [Biotin carboxyl-carrier protein]-N6-carboxybiotinyl-L-lysine,blue
C00160,Glycolate; Glycolic acid; Hydroxyacetic acid,blue
C15980,(S)-2-Methylbutanoyl-CoA,blue
C01290,"Lactosylceramide; beta-D-Galactosyl-(1->4)-beta-D-glucosyl-(1<->1)-ceramide; beta-D-Galactosyl-1,4-beta-D-glucosylceramide; Gal-beta1->4Glc-beta1->1'Cer; LacCer; Lactosyl-N-acylsphingosine; D-Galactosyl-1,4-beta-D-glucosylceramide",blue
C07836,D-glycero-beta-D-manno-Heptose 7-phosphate,blue
C00319,Sphingosine; Sphingenine; Sphingoid; Sphing-4-enine,blue
C21440,[Protein]-S-sulfanyl-L-cysteine,blue
C00170,5'-Methylthioadenosine; Methylthioadenosine; S-Methyl-5'-thioadenosine; 5-Methylthioadenosine; 5'-Deoxy-5'-(methylthio)adenosine; Thiomethyladenosine; MTA; 5'-Deoxy-5'-(methylsulfanyl)adenosine,blue
C00008,ADP; Adenosine 5'-diphosphate,green
C04570,Reduced electron-transferring flavoprotein; Reduced electron-transfer flavoprotein,blue
C11417,(3S)-6-Hydroxy-3-isopropenyl-heptanoate; 6-Hydroxy-3-isopropenylheptanoate,blue
C19848,Adenylated molybdopterin; Adenylyl-molybdopterin,blue
C01888,Aminoacetone; 1-Amino-2-propanone,blue
C01177,Inositol 1-phosphate; myo-Inositol 1-phosphate; 1D-myo-Inositol 1-phosphate; D-myo-Inositol 1-phosphate; 1D-myo-Inositol 1-monophosphate,blue
C00341,Geranyl diphosphate,green
C05379,Oxalosuccinate; Oxalosuccinic acid,blue
C06481,L-Seryl-tRNA(Sec),blue
C05775,"alpha-Ribazole; N1-(alpha-D-Ribosyl)-5,6-dimethylbenzimidazole",blue
C03722,"Quinolinate; Pyridine-2,3-dicarboxylate; Quinolinic acid; 2,3-Pyridinedicarboxylic acid",blue
C02463,Precorrin 2; Dihydrosirohydrochlorin,blue
C04317,1-Organyl-2-lyso-sn-glycero-3-phosphocholine; 1-Radyl-2-lyso-sn-glycero-3-phosphocholine; 1-Alkyl-2-lyso-sn-glycero-3-phosphocholine; 1-Alkyl-sn-glycero-3-phosphocholine,blue
C22159,[Glycine cleavage system H]-N6-octanoyl-L-lysine; [GcvH]-N6-octanoyl-L-lysine; [GCSH]-N6-octanoyl-L-lysine,blue
C15667,5-Carboxyamino-1-(5-phospho-D-ribosyl)imidazole,blue
C17231,3-(7'-Methylthio)heptylmalic acid; 3-(7'-Methylthio)heptylmalate,blue
C00860,L-Histidinol,blue
C03912,(S)-1-Pyrroline-5-carboxylate; L-1-Pyrroline-5-carboxylate; 1-Pyrroline-5-carboxylate,blue
C06365,"alpha-Kojibiosyldiacylglycerol; Glc-alpha1->2Glc-alpha1->3acyl2Gro; Glcalpha1->2Glcalpha1->3acyl2Gro; 1,2-Diacyl-3-O-[alpha-D-glucopyranosyl-(1->2)-O-alpha-D-glucopyranosyl]-sn-glycerol",blue
C00186,(S)-Lactate; L-Lactate; L-Lactic acid,blue
C06201,"2,4-Dihydroxyhept-2-enedioate; 2,4-Dihydroxyhept-2-1,7-dioate; 2,4-Dihydroxyhept-2-enedioic acid",blue
C05763,trans-Hexadec-2-enoyl-[acp]; trans-Hexadec-2-enoyl-[acyl-carrier protein]; (2E)-Hexadecenoyl-[acp],blue
C06376,N-Acetyl-D-galactosamine 6-phosphate,blue
C20062,"2-(1,2-Epoxy-1,2-dihydrophenyl)acetyl-CoA",blue
C00620,alpha-D-Ribose 1-phosphate; Ribose 1-phosphate; D-Ribose 1-phosphate,blue
C00286,dGTP; 2'-Deoxyguanosine 5'-triphosphate; Deoxyguanosine 5'-triphosphate; Deoxyguanosine triphosphate,green
C19880,D-glycero-alpha-D-manno-Heptose 1-phosphate,blue
C05946,(4R)-4-Hydroxy-2-oxoglutarate; (R)-2-Hydroxy-4-oxopentanedioate; D-4-Hydroxy-2-oxoglutarate,blue
C00060,Carboxylate; R-COOH; Monocarboxylate; Carboxylic acid,blue
C00931,Porphobilinogen,blue
C16273,3-Hydroxy-5-oxohexanoyl-CoA,blue
C03406,N-(L-Arginino)succinate; 2-(Nomega-L-Arginino)succinate; L-Argininosuccinate; L-Argininosuccinic acid; L-Arginosuccinic acid,blue
C02659,Acetone cyanohydrin; alpha-Hydroxyisobutyronitrile; 2-Hydroxy-2-methylpropanenitrile; 2-Methyllactonitrile; Acetone cyanhydrin; 2-Hydroxyisobutyronitrile,blue
C00189,Ethanolamine; Aminoethanol; 2-Hydroxyethylamine,green
C06398,ADP-L-glycero-beta-D-manno-heptose,blue
C00881,Deoxycytidine; 2'-Deoxycytidine,green
C00445,"5,10-Methenyltetrahydrofolate",blue
C21751,5-Fluorodeoxyuridine triphosphate,blue
C03167,Phosphonoacetaldehyde; 2-Phosphonoacetaldehyde; 2-Oxoethylphosphonate,blue
C01242,[Protein]-S8-aminomethyldihydrolipoyllysine; [H-protein]-S-aminomethyldihydrolipoyllysine; S-Aminomethyldihydrolipoylprotein; [Glycine-cleavage complex H protein]-S-aminomethyl-N6-dihydrolipoyl-L-lysine; [GCSH]-S-aminomethyl-N6-dihydrolipoyl-L-lysine; [GcvH]-S-aminomethyl-N6-dihydrolipoyl-L-lysine,blue
C00488,Formamide; Methanamide,blue
C06112,L-Glutamyl-tRNA(Gln); Glu-tRNA(Gln); Glutamyl-tRNA(Gln),blue
C02686,Galactosylceramide; Galactocerebroside; Cerebroside; D-Galactosyl-N-acylsphingosine; D-Galactosylceramide; beta-D-Galactosyl-N-acylsphingosine,blue
C00415,"Dihydrofolate; Dihydrofolic acid; 7,8-Dihydrofolate; 7,8-Dihydrofolic acid; 7,8-Dihydropteroylglutamate",blue
C22160,[Lipoyl-carrier protein E2]-N6-octanoyl-L-lysine; [E2 protein]-N6-octanoyl-L-lysine,blue
C14818,Fe2+; Fe(II); Ferrous ion; Iron(2+),blue
C00043,UDP-N-acetyl-alpha-D-glucosamine; UDP-N-acetyl-D-glucosamine; UDP-N-acetylglucosamine,blue
C00083,Malonyl-CoA; Malonyl coenzyme A,blue
C17227,3-(6'-Methylthio)hexylmalic acid; 3-(6'-Methylthio)hexylmalate,blue
C00015,UDP; Uridine 5'-diphosphate,green
C00327,L-Citrulline; 2-Amino-5-ureidovaleric acid; Citrulline,green
C00672,2-Deoxy-D-ribose 1-phosphate; 2-Deoxy-alpha-D-ribose 1-phosphate,blue
C03892,"Phosphatidylglycerophosphate; 1-(3-sn-Phosphatidyl)-sn-glycerol 3-phosphate; 3-(3-Phosphatidyl)-D-glycerol 1-phosphate; 1,2-Diacyl-sn-glycero-3-phospho-sn-glycerol 3'-phosphate",blue
C00309,D-Ribulose; D-erythro-2-Pentulose; D-Arabinoketose; D-Arabinulose; D-Riboketose,blue
C01269,5-O-(1-Carboxyvinyl)-3-phosphoshikimate; O5-(1-Carboxyvinyl)-3-phosphoshikimate,blue
C01744,Phloretate; Phloretic acid; 3-(4-Hydroxyphenyl)propanoate; 3-(4-Hydroxyphenyl)propionic acid,blue
C00294,Inosine,blue
C20755,2-Thio-N6-dimethylallyladenine in tRNA; 2-Sulfanyl-N6-dimethylallyladenine in tRNA; N6-(3-Methylbut-2-en-1-yl)-2-thioadenine in tRNA,blue
C05894,"Undecaprenyl-diphospho-N-acetylmuramoyl-(N-acetylglucosamine)-L-alanyl-D-isoglutaminyl-L-lysyl-D-alanyl-D-alanine; beta-D-GlcNAc-(1->4)-MurNAc-L-Ala-gamma-D-O-P-Glu-L-Lys-D-Ala-D-Ala-diphospho-ditrans,octacis-undecaprenol",blue
C14819,Fe3+; Fe(III); Ferric ion; Iron(3+),blue
C04851,MurAc(oyl-L-Ala-D-gamma-Glu-L-Lys-D-Ala-D-Ala)-diphospho-undecaprenol; Undecaprenyl-diphospho-N-acetylmuramoyl-L-alanyl-gamma-D-glutamyl-L-lysyl-D-alanyl-D-alanine,blue
C06054,2-Oxo-3-hydroxy-4-phosphobutanoate; alpha-Keto-3-hydroxy-4-phosphobutyrate; (3R)-3-Hydroxy-2-oxo-4-phosphonooxybutanoate; (3R)-3-Hydroxy-2-oxo-4-phosphooxybutanoate,blue
C00282,Hydrogen; H2,blue
C15495,"Decylubiquinol; 6-Decylubiquinol; 2-Decyl-5,6-dimethoxy-3-methyl-1,4-benzenediol",blue
C03405,Lactosylceramide sulfate; SM3,blue
C01355,Fructan; beta-D-Fructan,blue
C05402,Melibiose; 6-O-(alpha-D-Galactopyranosyl)-D-glucopyranose; D-Gal-alpha1->6D-Glucose,green
C03150,Nicotinamide-beta-riboside; N-Ribosylnicotinamide; 1-(beta-D-Ribofuranosyl)nicotinamide,blue
C05750,3-Oxooctanoyl-[acp]; 3-Oxooctanoyl-[acyl-carrier protein],blue
C05265,3-Oxodecanoyl-CoA,blue
C06148,"2,5-Diamino-6-(5'-triphosphoryl-3',4'-trihydroxy-2'-oxopentyl)-amino-4-oxopyrimidine",blue
C16400,"2,4,6-Triaminotoluene",blue
C20451,tRNA hypoxanthine,blue
C22501,alpha-D-Xylulofuranose,blue
C01102,O-Phospho-L-homoserine,blue
C00208,Maltose; Malt sugar; alpha-D-Glucopyranosyl-(1->4)-D-glucopyranose,blue
C00356,(S)-3-Hydroxy-3-methylglutaryl-CoA; Hydroxymethylglutaryl-CoA; Hydroxymethylglutaroyl coenzyme A; HMG-CoA; 3-Hydroxy-3-methylglutaryl-CoA,blue
C06114,gamma-Glutamyl-beta-aminopropiononitrile; gamma-Glutamyl-3-aminopropiononitrile,blue
C06320,Precorrin 6X; Precorrin 6A,blue
C12455,5-Aminopentanal,blue
C19771,2'-(5-Triphosphoribosyl)-3'-dephospho-CoA; 2'-(5-Triphospho-alpha-D-ribosyl)-3'-dephospho-CoA,blue
C00615,Protein histidine; Protein L-histidine; [Protein]-L-histidine,blue
C19878,D-glycero-alpha-D-manno-Heptose 7-phosphate,blue
C15556,"L-3,4-Dihydroxybutan-2-one 4-phosphate; 1-Deoxy-L-glycero-tetrulose 4-phosphate; 2-Hydroxy-3-oxobutyl phosphate",blue
C01083,"alpha,alpha-Trehalose; alpha,alpha'-Trehalose; Trehalose",blue
C16615,6-Methylthiopurine 5'-monophosphate ribonucleotide; 6-Methylthioinosine-5'-monophosphate,blue
C03287,L-Glutamyl 5-phosphate; L-Glutamate 5-phosphate,blue
C04646,6-Thioinosine-5'-monophosphate; 9-(5-Phospho-1-ribofuranosyl)-6-mercaptopurine,blue
C00071,Aldehyde; RCHO,blue
C04144,Tetrahydropteroyltri-L-glutamate; (6S)-H4PteGlu3,blue
C01080,Reduced coenzyme F420,blue
C00576,Betaine aldehyde,blue
C00139,Oxidized ferredoxin; Oxidized ferredoxin [iron-sulfur] cluster,blue
C21879,1-(5-O-Phospho-beta-D-ribofuranosyl)-5-(sulfanylcarbonyl)pyridin-1-ium-3-carbonyl adenylate,blue
C19723,[tRNA(Ile2)]-lysidine34,blue
C05235,Hydroxyacetone; Acetol; 1-Hydroxy-2-propanone; 2-Ketopropyl alcohol; Acetone alcohol; Pyruvinalcohol; Pyruvic alcohol; Methylketol,blue
C00332,Acetoacetyl-CoA; Acetoacetyl coenzyme A; 3-Acetoacetyl-CoA,blue
C00190,UDP-D-xylose; UDP-xylose; UDP-alpha-D-xylose,blue
C20863,5'-Phospho-[mRNA]; (5')pPur-mRNA,blue
C00957,Mercaptopyruvate; 2-Oxo-3-sulfanylpropanoate; 3-Mercaptopyruvic acid; 3-Mercaptopyruvate,blue
C03373,Aminoimidazole ribotide; AIR; 1-(5'-Phosphoribosyl)-5-aminoimidazole; 5'-Phosphoribosyl-5-aminoimidazole; 1-(5-Phospho-D-ribosyl)-5-aminoimidazole; 5-Amino-1-(5-phospho-D-ribosyl)imidazole; 5-Amino-1-(5-phospho-beta-D-ribosyl)imidazole,blue
C00004,NADH; DPNH; Reduced nicotinamide adenine dinucleotide,blue
C20345,Isopentenyl phosphate; 3-Methylbut-3-en-1-yl phosphate,blue
C00222,3-Oxopropanoate; Malonate semialdehyde,blue
C02269,Deoxynucleoside; 2'-Deoxynucleoside; 2-Deoxy-D-ribosyl-base; 2-Deoxy-D-ribosyl-base1; 2-Deoxy-D-ribosyl-base2; 2'-Deoxyribonucleoside,blue
C00031,D-Glucose; Grape sugar; Dextrose; Glucose; D-Glucopyranose,green
C02133,Acyl phosphate; Fatty acyl phosphate,blue
C00667,Oxidized adrenal ferredoxin; Oxidized adrenodoxin,blue
C04152,rRNA containing N1-methylguanine,blue
C15814,Thiocarboxy-[sulfur-carrier protein]; [Sulfur-carrier protein]-Gly-NH-CH2-C(O)SH,blue
C07479,2-Oxo-5-methyl-cis-muconate,blue
C05744,Acetoacetyl-[acp]; Acetoacetyl-[acyl-carrier protein],blue
C01172,beta-D-Glucose 6-phosphate,blue
C03028,Thiamin triphosphate; Thiamine triphosphate,blue
C02835,Imidazole-4-acetate; Imidazoleacetic acid; 4-Imidazoleacetate,blue
C00798,Formyl-CoA,blue
C21387,L-Leucyl-L-lysyl-protein; N-Terminal L-leucyl-L-lysyl-[protein],blue
C00094,Sulfite; Sulfurous acid,blue
C05773,Cobyrinate; Cobyrinic acid; Cob(II)yrinate; Cob(II)yrinic acid,blue
C03175,Shikimate 3-phosphate; Shikimate 5-phosphate,blue
C05924,Molybdopterin; Pyranopterin; H2Dtpp-mP,blue
C00030,Reduced acceptor; AH2; Hydrogen-donor; Donor,blue
C00363,dTDP; Deoxythymidine 5'-diphosphate,green
C09306,Sulfur dioxide,blue
C00003,NAD+; NAD; Nicotinamide adenine dinucleotide; DPN; Diphosphopyridine nucleotide; Nadide; beta-NAD+,blue
C21113,NMNH; Reduced nicotinamide nucleotide,blue
C03431,S-Inosyl-L-homocysteine,blue
C19882,D-glycero-D-manno-Heptose 7-phosphate,blue
C00129,Isopentenyl diphosphate; Delta3-Isopentenyl diphosphate; Delta3-Methyl-3-butenyl diphosphate; 3-Methylbut-3-en-1-yl diphosphate,green
C00219,"Arachidonate; Arachidonic acid; (5Z,8Z,11Z,14Z)-Icosatetraenoic acid; cis-5,8,11,14-Eicosatetraenoic acid; 5Z,8Z,11Z,14Z-Eicosatetraenoic acid; (5Z,8Z,11Z,14Z)-Icosa-5,8,11,14-tetraenoic acid",green
C16236,[Protein]-N6-(octanoyl)-L-lysine; Protein N6-(octanoyl)lysine,blue
C02642,3-Ureidopropionate; 3-Ureidopropanoate; beta-Ureidopropionic acid; N-Carbamoyl-beta-alanine,blue
C00390,Ubiquinol; QH2; CoQH2; Ubiquinol-n,blue
C02839,L-Tyrosyl-tRNA(Tyr),blue
C16221,(2E)-Octadecenoyl-[acp]; trans-Octadec-2-enoyl-[acp],blue
C00199,D-Ribulose 5-phosphate,blue
C00354,"D-Fructose 1,6-bisphosphate",blue
C02631,2-Isopropylmaleate; beta-Isopropylmaleate,blue
C11062,4-Hydroxybutyryl-CoA; 4-Hydroxybutanoyl-CoA,blue
C00685,3-Oxoacyl-[acyl-carrier protein],blue
C00299,Uridine,green
C05748,trans-Hex-2-enoyl-[acp]; trans-Hex-2-enoyl-[acyl-carrier protein]; (2E)-Hexenoyl-[acp],blue
C01935,Maltodextrin; Maltodextrin(n); Maltodextrin(n-2); n+2 Maltodextrin; Linear maltodextrin; Maltooligosaccharide,blue
C00882,Dephospho-CoA; Dephosphocoenzyme A; 3'-Dephospho-CoA,blue
C00794,D-Sorbitol; D-Glucitol; L-Gulitol; Sorbitol,blue
C12739,5'-Deoxy-5-fluorouridine; Doxifluridine,blue
C04376,5'-Phosphoribosyl-N-formylglycinamide; N-Formyl-GAR; N-Formylglycinamide ribonucleotide; N2-Formyl-N1-(5-phospho-D-ribosyl)glycinamide; N2-Formyl-N1-(5-phospho-beta-D-ribosyl)glycinamide,blue
C19673,Malonyl-[acp] methyl ester; Malonyl-[acyl-carrier protein] methyl ester,blue
C03741,(S)-4-Amino-5-oxopentanoate; L-Glutamate 1-semialdehyde,blue
C16186,L-Ascorbate 6-phosphate,blue
C14099,2-Naphthaldehyde; 2-Naphthalenecarboxaldehyde,blue
C05711,gamma-Glutamyl-beta-cyanoalanine,blue
C00119,5-Phospho-alpha-D-ribose 1-diphosphate; 5-Phosphoribosyl diphosphate; 5-Phosphoribosyl 1-pyrophosphate; PRPP,blue
C05686,Adenylylselenate; Adenosine-5'-phosphoselenate,blue
C04640,2-(Formamido)-N1-(5'-phosphoribosyl)acetamidine; 1-(5'-Phosphoribosyl)-N-formylglycinamidine; 5'-Phosphoribosyl-N-formylglycinamidine; 5'-Phosphoribosylformylglycinamidine; 2-(Formamido)-N1-(5-phospho-D-ribosyl)acetamidine,blue
C05528,3-Sulfopyruvate; 3-Sulfopyruvic acid,blue
C05635,5-Hydroxyindoleacetate,blue
C05809,3-Octaprenyl-4-hydroxybenzoate; 4-Hydroxy-3-octaprenylbenzoate,blue
C04752,4-Amino-5-hydroxymethyl-2-methylpyrimidine diphosphate; 4-Amino-2-methyl-5-(diphosphooxymethyl)pyrimidine; HMP-PP,blue
C00295,Orotate; Orotic acid; Uracil-6-carboxylic acid,blue
C20237,alpha-Maltose 1-phosphate,blue
C07086,Phenylacetic acid; Benzylformic acid; Phenylacetate; Benzeneacetic acid,blue
C05312,Protein glycin-2-yl radical; [Enzyme]-glycin-2-yl radical,blue
C02232,3-Oxoadipyl-CoA; beta-Ketoadipyl-CoA,blue
C00864,Pantothenate; Pantothenic acid; (R)-Pantothenate,blue
C00127,Glutathione disulfide; GSSG; Oxiglutatione; Oxidized glutathione,blue
C16348,cis-3-Chloroallyl aldehyde; cis-3-Chloro-2-propenal,blue
C02985,L-Fucose 1-phosphate; 6-Deoxy-L-galactose 1-phosphate; beta-L-Fucose 1-phosphate,blue
C02876,Propanoyl phosphate; Propionyl phosphate,blue
C00645,N-Acetyl-D-mannosamine; 2-Acetamido-2-deoxy-D-mannose,blue
C03272,"Globoside; Globoside I; N-Acetyl-galactosaminyl-1,3-D-galactosyl-1,4-D-galactosyl-1,4-D-glucosylceramide; N-Acetyl-D-galactosaminyl-1,3-D-galactosyl-1,4-D-galactosyl-1,4-D-glucosylceramide",blue
C06399,Hydrogenobyrinate; Hydrogenobyrinic acid,blue
C20258,"(2S,4S)-4-Hydroxy-2,3,4,5-tetrahydrodipicolinate; (2S,4S)-4-Hydroxy-2,3,4,5-tetrahydropyridine-2,6-dicarboxylate; HTPA",blue
C00666,"LL-2,6-Diaminoheptanedioate; LL-2,6-Diaminopimelate; LL-2,6-Diaminopimelic acid; (2S,6S)-2,6-Diaminoheptanedioic acid",blue
C18239,Precursor Z; Cyclic pyranopterin monophosphate; Cyclic pyranopterin phosphate; cPMP,blue
C20658,O-Acetyl-ADP-ribose; 2''-O-Acetyl-ADP-ribose; AADPR,blue
C00671,(S)-3-Methyl-2-oxopentanoic acid; (S)-3-Methyl-2-oxopentanoate; (3S)-3-Methyl-2-oxopentanoic acid; (3S)-3-Methyl-2-oxopentanoate,blue
C00227,Acetyl phosphate,blue
C15813,Adenylyl-[sulfur-carrier protein]; [Sulfur-carrier protein]-Gly-Gly-AMP,blue
C06427,"(9Z,12Z,15Z)-Octadecatrienoic acid; alpha-Linolenic acid; 9,12,15-Octadecatrienoic acid; Linolenate; alpha-Linolenate",green
C20676,"Short-chain trans-2,3-dehydroacyl-CoA",blue
C11437,1-Deoxy-D-xylulose 5-phosphate,blue
C03692,"1,2-Diacyl-3-beta-D-galactosyl-sn-glycerol; D-Galactosyldiacylglycerol; 3-beta-D-Galactosyl-1,2-diacylglycerol; Monogalactosyldiglyceride; Monogalactosyl-diacylglycerol; MGDG; Galbeta1->3acyl2Gro; 3-(beta-D-Galactosyl)-1,2-diacyl-sn-glycerol; 1,2-Diacyl-3-O-(beta-D-galactopyranosyl)-sn-glycerol",blue
C06613,trans-3-Chloroallyl aldehyde; trans-3-Chloro-2-propenal,blue
C04425,S-Adenosyl-4-methylthio-2-oxobutanoate; S-Adenosyl-4-(methylsulfanyl)-2-oxobutanoate,blue
C00096,GDP-mannose; GDP-D-mannose; GDP-alpha-D-mannose,blue
C22151,Oxidized [2Fe-2S] ferredoxin,blue
C01286,2-Dehydro-3-deoxy-6-phospho-D-galactonate; 2-Dehydro-3-deoxy-D-galactonate 6-phosphate,blue
C01165,L-Glutamate 5-semialdehyde; L-Glutamate gamma-semialdehyde,blue
C21386,L-Leucyl-L-arginyl-protein; N-Terminal L-leucyl-L-arginyl-[protein],blue
C02737,"Phosphatidylserine; Phosphatidyl-L-serine; 1,2-Diacyl-sn-glycerol 3-phospho-L-serine; 3-O-sn-Phosphatidyl-L-serine; O3-Phosphatidyl-L-serine; L-1-Phosphatidylserine",blue
C19847,Demethylmenaquinol,blue
C20748,(E)-4-(Trimethylammonio)but-2-enoyl-CoA; Crotonobetainyl-CoA,blue
C05756,3-Oxododecanoyl-[acp]; 3-Oxododecanoyl-[acyl-carrier protein],blue
C05712,Cyanohydrin,blue
C20906,"Galactosylglucosyldiacylglycerol; Gal-alpha1->2Glc-alpha1->3acyl2Gro; 1,2-Diacyl-3-O-[alpha-D-galactopyranosyl-(1->2)-O-alpha-D-glucopyranosyl]-sn-glycerol",blue
C09099,Naringenin 7-O-beta-D-glucoside; Prunin,blue
C00112,CDP; Cytidine 5'-diphosphate; Cytidine diphosphate,green
C00121,D-Ribose,green
C00217,D-Glutamate; D-Glutamic acid; D-Glutaminic acid; D-2-Aminoglutaric acid,blue
C00009,Orthophosphate; Phosphate; Phosphoric acid; Orthophosphoric acid,blue
C16832,[Protein]-N6-[(R)-dihydrolipoyl]-L-lysine; [Lipoyl-carrier protein]-N6-[(R)-dihydrolipoyl]-L-lysine; Protein N6-(dihydrolipoyl)lysine,blue
C04702,UDPMurNAc(oyl-L-Ala-D-gamma-Glu-L-Lys-D-Ala-D-Ala); UDP-N-acetylmuramoyl-L-alanyl-gamma-D-glutamyl-L-lysyl-D-alanyl-D-alanine; UDP-N-acetylmuramoyl-L-alanyl-D-glutamyl-L-lysyl-D-alanyl-D-alanine,blue
C02047,L-Leucyl-tRNA; L-Leucyl-tRNA(Leu),blue
C21851,"Pyridinium-3,5-biscarboxylic acid mononucleotide; P2CMN; Pyridin-1-ium-3,5-dicarboxylate mononucleotide; Pyridinium-3,5-biscarboxylate mononucleotide",blue
C16220,(3R)-3-Hydroxyoctadecanoyl-[acyl-carrier protein]; (R)-3-Hydroxyoctadecanoyl-[acp]; (R)-3-Hydroxyoctadecanoyl-[acyl-carrier protein]; (R)-3-Hydroxystearoyl-[acp]; (R)-3-Hydroxystearoyl-[acyl-carrier protein],blue
C00509,"Naringenin; 4',5,7-Trihydroxyflavanone; (2S)-Naringenin; (-)-(2S)-Naringenin",green
C01335,ROH,blue
C01645,tRNA(Leu),blue
C05974,2-Acyl-sn-glycero-3-phosphoserine; 2-Acyl-1-lyso-phosphatidylserine,blue
C17549,Undecaprenyl-diphospho-N-acetylmuramoyl-(N-acetylglucosamine)-L-alanyl-gamma-D-glutamyl-L-lysyl-(L-alanyl-L-alanyl)-D-alanyl-D-alanine,blue
C17217,Dihomomethionine; L-Dihomomethionine,blue
C05844,5-L-Glutamyl-taurine; 5-Glutamyl-taurine; Glutaurine,blue
C20861,"Mannobiose; beta-1,4-Mannobiose",blue
C21334,"CMP-8-amino-3,8-dideoxy-beta-D-manno-octulosonate; CMP-Kdo8N",blue
C00126,Ferrocytochrome c; Cytochrome c2+; Reduced cytochrome c,blue
C03511,L-Phenylalanyl-tRNA(Phe),blue
C11039,2'-Deoxy-5-hydroxymethylcytidine-5'-triphosphate,blue
C01330,Sodium cation; Na+; Sodium(1+); Sodium ion,blue
C06103,6-Hydroxyhexanoic acid; 6-Hydroxyhexanoate,blue
C05261,3-Oxotetradecanoyl-CoA,blue
C20753,2-Methylthio-N6-dimethylallyladenine in tRNA; 2-Methylthio-N6-isopentenyladenine in tRNA; 2-(Methylsulfanyl)-N6-dimethylallyladenine in tRNA; N6-(3-Methylbut-2-en-1-yl)-2-(methylsulfanyl)adenine in tRNA; 2-(Methylsulfanyl)-N6-prenyladenine in tRNA; ms2i6A in tRNA,blue
C15809,Iminoglycine; Iminoacetic acid; 2-Iminoacetate,blue
C00013,Diphosphate; Diphosphoric acid; Pyrophosphate; Pyrophosphoric acid; PPi,blue
C00108,Anthranilate; Anthranilic acid; o-Aminobenzoic acid; Vitamin L1; 2-Aminobenzoate,blue
C00053,3'-Phosphoadenylyl sulfate; 3'-Phosphoadenosine 5'-phosphosulfate; 3'-Phospho-5'-adenylyl sulfate; PAPS,blue
C04652,"UDP-2,3-bis(3-hydroxytetradecanoyl)glucosamine; UDP-2,3-bis(beta-hydroxymyristoyl)-D-glucosamine; UDP-2,3-bis(3-hydroxytetradecanoyl)-D-glucosamine; UDP-2,3-bis[O-(3R)-3-hydroxymyristoyl]-alpha-D-glucosamine",blue
C04635,1-(1-Alkenyl)-sn-glycero-3-phosphoethanolamine; 1-Alkenylglycerophosphoethanolamine,blue
C00116,"Glycerol; Glycerin; 1,2,3-Trihydroxypropane; 1,2,3-Propanetriol",green
C04573,UDP-N-acetyl-2-amino-2-deoxy-D-glucuronate; UDP-N-acetyl-D-glucosaminuronate; UDP-N-acetyl-2-amino-2-deoxy-alpha-D-glucuronate; UDP-N-acetyl-alpha-D-glucosaminouronate,blue
C00526,Deoxyuridine; 2-Deoxyuridine; 2'-Deoxyuridine,green
C00242,Guanine; 2-Amino-6-hydroxypurine,green
C00052,UDP-alpha-D-galactose; UDP-D-galactose; UDP-galactose; UDP-D-galactopyranose; UDP-alpha-D-galactopyranose,blue
C00470,"Pectate; Pectic acid; alpha-D-Polygalacturonic acid; Poly(1,4-alpha-D-galacturonate); Poly(1,4-alpha-D-galacturonate)(n); (1,4-alpha-D-Galacturonide)n; [(1->4)-alpha-D-Galacturonosyl]n; De-esterified pectin; (1,4-alpha-D-Galacturonosyl)n",blue
C00311,"Isocitrate; Isocitric acid; 1-Hydroxytricarballylic acid; 1-Hydroxypropane-1,2,3-tricarboxylic acid",blue
C00118,D-Glyceraldehyde 3-phosphate; (2R)-2-Hydroxy-3-(phosphonooxy)-propanal; Glyceraldehyde 3-phosphate,blue
C16634,5-Fluorouridine monophosphate,blue
C00357,N-Acetyl-D-glucosamine 6-phosphate,blue
C16596,"5-Phenyl-1,3-oxazinane-2,4-dione",blue
C00084,Acetaldehyde; Ethanal,blue
C21461,KDO2-lipid A 1-(2-aminoethyl diphosphate),blue
C00251,"Chorismate; Chorismic acid; (3R,4R)-3-[(1-Carboxyethenyl)oxy]-4-hydroxycyclohexa-1,5-diene-1-carboxylate",blue
C21873,2-Methylquinolin-4-ol; 2-Methyl-4-hydroxyquinoline,blue
C00011,CO2; Carbon dioxide,blue
C00236,"3-Phospho-D-glyceroyl phosphate; 1,3-Bisphospho-D-glycerate; (R)-2-Hydroxy-3-(phosphonooxy)-1-monoanhydride with phosphoric propanoic acid; D-Glycerate 1,3-diphosphate",blue
C02612,(R)-2-Methylmalate; (R)-2-Methylmalic acid; (R)-Citramalate; (R)-Citramalic acid; (R)-alpha-Hydroxypyrotartaric acid; D-Citramalate; D-Citramalic acid; D-alpha-Hydroxypyrotartaric acid; (2R)-2-Hydroxy-2-methylbutanedioate,blue
C00693,"trans-2,3-Dehydroacyl-[acyl-carrier protein]; trans-2-Enoyl-[acyl-carrier protein]; (2E)-Unsaturated fatty acyl-[acyl-carrier protein]",blue
C00984,alpha-D-Galactose,blue
C05993,Acetyl adenylate; 5'-Acetylphosphoadenosine,blue
C05840,Iminoaspartate; Iminoaspartic acid; Iminosuccinate; 2-Iminosuccinate; 2-Iminobutanedioic acid,blue
C21015,gamma-L-Glutamyl-L-2-aminobutyrate,blue
C20236,4-O-beta-D-Mannopyranosyl-D-glucopyranose,blue
C12248,"5-Hydroxy-2-oxo-4-ureido-2,5-dihydro-1H-imidazole-5-carboxylate; 2-Oxo-4-hydroxy-4-carboxy-5-ureidoimidazoline",blue
C18055,N-Acetyl-alpha-D-hexosamine 1-phosphate,blue
C04494,"Guanosine 3'-diphosphate 5'-triphosphate; Guanosine 5'-triphosphate,3'-diphosphate",blue
C01962,Thiocysteine; S-Mercapto-L-cysteine; L-Thiocysteine,blue
C00954,Indole-3-acetate; Indole-3-acetic acid; (Indol-3-yl)acetate; Indoleacetate; Indoleacetic acid; (1H-indol-3-yl)acetate; IAA,green
C01304,"2,5-Diamino-6-(5-phospho-D-ribosylamino)pyrimidin-4(3H)-one; 2,5-Diamino-6-(1-D-ribosylamino)pyrimidin-4(3H)-one 5'-phosphate",blue
C02992,L-Threonyl-tRNA(Thr),blue
C05199,Flavodoxin semiquinone,blue
C05259,3-Oxopalmitoyl-CoA; 3-Ketopalmitoyl-CoA; 3-Oxohexadecanoyl-CoA,blue
C00032,Heme; Haem; Protoheme; Heme B; Protoheme IX,blue
C11472,"D-glycero-beta-D-manno-Heptose 1,7-bisphosphate",blue
C04730,"GM3; (N-Acetylneuraminyl)-D-galactosyl-D-glucosylceramide; alpha-N-Acetylneuraminyl-2,3-beta-D-galactosyl-1,4-beta-D-glucosylceramide; N-Acetylneuraminyl-2,3-alpha-D-galactosyl-1,4-beta-D-glucosylceramide; Neu5Ac-alpha2->3Gal-beta1->4Glc-beta1->1'Cer",blue
C00345,6-Phospho-D-gluconate,blue
C03089,5-Methylthio-D-ribose; S-Methyl-5-thio-D-ribose; 5-(Methylsulfanyl)-D-ribose,blue
C00810,(R)-Acetoin; (R)-2-Acetoin; (R)-3-Hydroxy-2-butanone; (R)-Dimethylketol; (R)-3-Hydroxybutan-2-one; (3R)-3-Hydroxybutan-2-one,blue
C00109,2-Oxobutanoate; 2-Ketobutyric acid; 2-Oxobutyric acid; 2-Oxobutyrate; 2-Oxobutanoic acid; alpha-Ketobutyric acid; alpha-Ketobutyrate,green
C05382,Sedoheptulose 7-phosphate; D-Sedoheptulose 7-phosphate; D-altro-Heptulose 7-phosphate; altro-Heptulose 7-phosphate,blue
C00353,"Geranylgeranyl diphosphate; Geranylgeranyl pyrophosphate; all-trans-Geranylgeranyl diphosphate; all-trans-Geranylgeranyl pyrophosphate; (2E,6E,10E)-3,7,11,15-Tetramethylhexadeca-2,6,10,14-tetraen-1-yl diphosphate",green
C00256,(R)-Lactate; D-Lactate; D-Lactic acid; D-2-Hydroxypropanoic acid; D-2-Hydroxypropionic acid,blue
C20373,3-Hydroxyglutaryl-[acp] methyl ester; 3-Hydroxyglutaryl-[acyl-carrier protein] methyl ester,blue
C04501,N-Acetyl-alpha-D-glucosamine 1-phosphate,blue
C03539,S-Ribosyl-L-homocysteine; S-D-Ribosyl-L-homocysteine; Ribose-5-S-homocysteine; S-Ribosylhomocysteine; S-(5-Deoxy-D-ribos-5-yl)-L-homocysteine,blue
C00785,Urocanate; Urocanic acid,blue
C01268,"5-Amino-6-(5'-phosphoribosylamino)uracil; 5-Amino-6-(ribosylamino)-2,4-(1H,3H)-pyrimidinedione 5'-phosphate; 5-Amino-6-(5-phosphoribosylamino)uracil",blue
C01181,4-Trimethylammoniobutanoate; Butyro-betaine; gamma-Butyrobetaine,blue
C00300,Creatine; alpha-Methylguanidino acetic acid; Methylglycocyamine,blue
C00100,Propanoyl-CoA; Propionyl-CoA; Propionyl coenzyme A,blue
C04534,"6-Phospho-beta-D-glucosyl-(1,4)-D-glucose; Cellobiose 6'-phosphate; Cellobiose 6-phosphate",blue
C00138,Reduced ferredoxin; Reduced ferredoxin [iron-sulfur] cluster,blue
C03871,L-2-Amino-6-oxoheptanedioate; L-2-Amino-6-oxopimelate,blue
C01236,"D-Glucono-1,5-lactone 6-phosphate; 6-Phospho-D-glucono-1,5-lactone",blue
C06250,Holo-[carboxylase]; Biotin-carboxyl-carrier protein; [Biotin carboxyl-carrier protein]-biotin-N6-L-lysine; [Biotin carboxyl-carrier protein]-N6-biotinyl-L-lysine,blue
C00894,Propenoyl-CoA; Acryloyl-CoA; Acrylyl-CoA,blue
C21999,Stearoyl-KDO2-lipid IVA; Octadecanoyl-KDO2-lipid IVA,blue
C03506,"Indoleglycerol phosphate; 1-C-(Indol-3-yl)glycerol 3-phosphate; (3-Indolyl)-glycerol phosphate; C1-(3-Indolyl)-glycerol 3-phosphate; (1S,2R)-1-C-(Indol-3-yl)glycerol 3-phosphate; Indole-3-glycerol phosphate",blue
C05577,"3,4-Dihydroxymandelaldehyde; 3,4-Dihydroxyphenylglycolaldehyde; DOPEGAL",blue
C21101,Protein N(omega)-phospho-L-arginine; [Protein]-N(omega)-phospho-L-arginine,blue
C15602,Quinone,blue
C06364,"1,2-Diacyl-3-alpha-D-glucosyl-sn-glycerol; 1,2-Diacyl-3-O-(alpha-D-glucopyranosyl)-sn-glycerol",blue
C00459,dTTP; Deoxythymidine triphosphate; Deoxythymidine 5'-triphosphate; TTP,green
C00201,Nucleoside triphosphate; NTP; Nucleoside 5'-triphosphate,blue
C00378,Thiamine; Thiamin; Vitamin B1; Aneurin; Antiberiberi factor,green
C16502,"Farnesoic acid; trans,trans-Farnesoic acid; (2E,6E)-Farnesoate",blue
C05796,Galactan,blue
C16618,6-Thioxanthine 5'-monophosphate,blue
C00133,D-Alanine; D-2-Aminopropionic acid; D-Ala,blue
C00122,Fumarate; Fumaric acid; trans-Butenedioic acid,blue
C04807,"6-Hydroxymethyl-7,8-dihydropterin diphosphate; (7,8-Dihydropterin-6-yl)methyl diphosphate; 2-Amino-7,8-dihydro-4-hydroxy-6-(diphosphooxymethyl)pteridine; 2-Amino-4-hydroxy-6-hydroxymethyl-7,8-dihydropteridine diphosphate; 7,8-Dihydropterin pyrophosphate",blue
C00143,"5,10-Methylenetetrahydrofolate; (6R)-5,10-Methylenetetrahydrofolate; 5,10-Methylene-THF",blue
C22412,"4-O-{Poly[(2R)-2-alpha-D-glucosyl-1-glycerophospho]-(2R)-glycerophospho}-N-acetyl-beta-D-mannosaminyl-(1->4)-N-acetyl-alpha-D-glucosaminyl-diphospho-ditrans,octacis-undecaprenol; [(2-Glc)-Gro-P]n-Gro-P-ManNAc-GlcNAc-PP-undecaprenol",blue
C11540,Cobalt-precorrin 4,blue
C00921,"Dihydropteroate; 7,8-Dihydropteroate",blue
C00944,3-Dehydroquinate; 3-Dehydroquinic acid; 5-Dehydroquinate; 5-Dehydroquinic acid,blue
C00184,"Glycerone; Dihydroxyacetone; 1,3-Dihydroxyacetone; 1,3-Dihydroxy-2-propanone; 1,3-Dihydroxypropan-2-one",green
C00555,4-Aminobutyraldehyde; 4-Aminobutanal,blue
C05746,3-Oxohexanoyl-[acp]; 3-Oxohexanoyl-[acyl-carrier protein],blue
C21861,[Protein]-dehydroalanine,blue
C03921,2-Dehydro-3-deoxy-D-glucarate,blue
C06615,cis-3-Chloroacrylic acid,blue
C03742,(S)-4-Hydroxymandelonitrile,blue
C22443,dZTP; 2-Amino-2'-deoxyadenosine 5'-triphosphate,blue
C00146,Phenol; Benzenol; Hydroxybenzene; Phenic acid; Phenylic acid,blue
C06397,ADP-D-glycero-beta-D-manno-heptose,blue
C05223,Dodecanoyl-[acyl-carrier protein]; Dodecanoyl-[acp]; Lauroyl-[acyl-carrier protein],blue
C21767,"Pyridinium-3,5-bisthiocarboxylate mononucleotide; P2TMN; Pyridin-1-ium-3,5-bisthiocarboxylate mononucleotide",blue
C22502,alpha-D-Fructofuranose; alpha-D-Fructose,blue
C00080,H+; Hydron,blue
C02528,"Chenodeoxycholate; Chenodeoxycholic acid; 3alpha,7alpha-Dihydroxy-5beta-cholanic acid; Chenodiol",blue
C16587,3-Carbamoyl-2-phenylpropionaldehyde,blue
C19609,Nickel(2+); Ni2+; Ni(II),blue
C06547,Ethylene; Ethene,blue
C05893,"Undecaprenyl-diphospho-N-acetylmuramoyl-(N-acetylglucosamine)-L-alanyl-gamma-D-glutamyl-L-lysyl-D-alanyl-D-alanine; GlcNAc-(1->4)-Mur2Ac(oyl-L-Ala-gamma-D-Glu-L-Lys-D-Ala-D-Ala)-diphosphoundecaprenol; GlcNAc-(1->4)-MurNAc(oyl-L-Ala-gamma-D-Glu-L-Lys-D-Ala-D-Ala)-diphosphoundecaprenol; beta-D-GlcNAc-(1->4)-Mur2Ac(oyl-L-Ala-gamma-D-Glu-L-Lys-D-Ala-D-Ala)-diphospho-ditrans,octacis-undecaprenol",blue
C00366,Urate; Uric acid,blue
C19647,Epoxyqueuosine in tRNA,blue
C05381,3-Carboxy-1-hydroxypropyl-ThPP; Succinate semialdehyde-thiamin diphosphate,blue
C00460,dUTP; 2'-Deoxyuridine 5'-triphosphate,green
C05898,"Undecaprenyl-diphospho-N-acetylmuramoyl-(N-acetylglucosamine)-L-alanyl-D-glutamyl-meso-2,6-diaminopimeloyl-D-alanyl-D-alanine",blue
C00424,(S)-Lactaldehyde; L-Lactaldehyde; L-2-Hydroxypropionaldehyde,blue
C00136,Butanoyl-CoA; Butyryl-CoA,blue
C00081,ITP; Inosine 5'-triphosphate; Inosine triphosphate; Inosine tripolyphosphate,blue
C02554,L-Valyl-tRNA(Val),blue
C15974,3-Methyl-1-hydroxybutyl-ThPP; 3-Methyl-1-hydroxybutyl-TPP,blue
C00097,L-Cysteine; L-2-Amino-3-mercaptopropionic acid,green
C04404,trans-4-Hydroxycyclohexanecarboxylate; trans-4-Hydroxycyclohexane-1-carboxylate,blue
C02987,L-Glutamyl-tRNA(Glu),blue
C07335,2-Amino-3-oxo-4-phosphonooxybutyrate; L-2-Amino-3-oxo-4-phosphonooxybutyrate; (2S)-2-Amino-3-oxo-4-phosphonooxybutanoate,blue
C16244,Cobalt-precorrin 7,blue
C17401,Cobalt-factor III,blue
C01219,CDP-4-dehydro-6-deoxy-D-glucose,blue
C21463,"KDO2-lipid A 1,4'-bis(2-aminoethyl diphosphate)",blue
C00014,Ammonia; NH3,blue
C21485,Cytidylyl molybdenum cofactor; Molybdopterin cytosine dinucleotide cofactor,blue
C01931,L-Lysyl-tRNA; L-Lysyl-tRNA(Lys),blue
C00262,Hypoxanthine; Purine-6-ol,green
C00519,Hypotaurine; 2-Aminoethanesulfinic acid,blue
C00054,"Adenosine 3',5'-bisphosphate; PAP; 3'-Phosphoadenylate; Phosphoadenosine phosphate",blue
C00669,gamma-L-Glutamyl-L-cysteine; L-gamma-Glutamylcysteine; 5-L-Glutamyl-L-cysteine; gamma-Glutamylcysteine,blue
C02084,Tetrathionate; Tetrathionic acid,blue
C15810,Sulfur-carrier protein; [Sulfur-carrier protein]; [Sulfur-carrier protein]-Gly-Gly,blue
C00074,Phosphoenolpyruvate; Phosphoenolpyruvic acid; PEP,blue
C15930,L-Galactonate; L-Galactonic acid,blue
C00006,NADP+; NADP; Nicotinamide adenine dinucleotide phosphate; beta-Nicotinamide adenine dinucleotide phosphate; TPN; Triphosphopyridine nucleotide; beta-NADP+,blue
C00212,Adenosine,green
C02315,Protein dithiol,blue
C20238,(2R)-Ethylmalonyl-CoA,blue
C00026,2-Oxoglutarate; Oxoglutaric acid; 2-Ketoglutaric acid; alpha-Ketoglutaric acid,blue
C15978,2-Methyl-1-hydroxybutyl-ThPP; 2-Methyl-1-hydroxybutyl-TPP,blue
C00322,2-Oxoadipate; 2-Oxoadipic acid; 2-Oxohexanedioic acid,blue
C06416,Precorrin 5,blue
C00536,Triphosphate; Triphosphoric acid; Tripolyphosphate; Inorganic triphosphate,blue
C05850,Reduced Vitamin K; Vitamin K hydroquinone,blue
C11435,4-(Cytidine 5'-diphospho)-2-C-methyl-D-erythritol,blue
C00644,D-Mannitol 1-phosphate,blue
C00535,Testosterone; 17beta-Hydroxy-4-androsten-3-one,green
C00020,AMP; Adenosine 5'-monophosphate; Adenylic acid; Adenylate; 5'-AMP; 5'-Adenylic acid; 5'-Adenosine monophosphate; Adenosine 5'-phosphate,green
C01170,UDP-N-acetyl-D-mannosamine; UDP-N-acetyl-alpha-D-mannosamine,blue
C03232,3-Phosphonooxypyruvate; 3-Phosphonooxypyruvic acid; 3-Phosphohydroxypyruvate; 3-Phosphohydroxypyruvic acid; 3-Phosphooxypyruvate,blue
C00673,2-Deoxy-D-ribose 5-phosphate,blue
C11173,SN-38,blue
C00016,FAD; Flavin adenine dinucleotide,blue
C04932,"Lipid A disaccharide; Tetraacyldisaccharide 1-phosphate; [2-N,3-O-Bis(3-hydroxytetradecanoyl)-beta-D-glucosaminyl]-(1->6)-[2-N,3-O-bis(3-hydroxytetradecanoyl)-alpha-D-glucosaminyl phosphate]; 2,3-Bis[(3R)-3-hydroxytetradecanoyl]-beta-D-glucosaminyl-(1->6)-2,3-bis[(3R)-3-hydroxytetradecanoyl]-alpha-D-glucosaminyl 1-phosphate",blue
C15603,Hydroquinone; p-Hydroquinone; Quinol; Reduced quinone,blue
C15977,[Dihydrolipoyllysine-residue (2-methylpropanoyl)transferase] S-(2-methylpropanoyl)dihydrolipoyllysine; S-(2-Methylpropanoyl)-dihydrolipoamide-E; S-(2-Methylpropionyl)-dihydrolipoamide-E; Enzyme N6-(S-[2-methylpropanoyl]dihydrolipoyl)lysine,blue
C05336,Selenomethionyl-tRNA(Met); L-Selenomethionyl-tRNA(Met),blue
C00062,L-Arginine; (S)-2-Amino-5-guanidinovaleric acid; L-Arg,green
C03512,L-Tryptophanyl-tRNA(Trp),blue
C00055,CMP; Cytidine-5'-monophosphate; Cytidylic acid,green
C03794,"N6-(1,2-Dicarboxyethyl)-AMP; N6-(1,2-Dicarboxyethyl)AMP; Adenylosuccinate; Adenylosuccinic acid",blue
C03785,"D-Tagatose 1,6-bisphosphate",blue
C02412,Glycyl-tRNA(Gly),blue
C04677,1-(5'-Phosphoribosyl)-5-amino-4-imidazolecarboxamide; 5'-Phosphoribosyl-5-amino-4-imidazolecarboxamide; 5'-Phospho-ribosyl-5-amino-4-imidazole carboxamide; AICAR; 5-Aminoimidazole-4-carboxamide ribotide; 5-Phosphoribosyl-4-carbamoyl-5-aminoimidazole; 5-Amino-1-(5-phospho-D-ribosyl)imidazole-4-carboxamide; 5-Amino-1-(5-phospho-beta-D-ribosyl)imidazole-4-carboxamide,blue
C00164,Acetoacetate; 3-Oxobutanoic acid; beta-Ketobutyric acid; Acetoacetic acid,green
C02323,Salicyl alcohol; Saligenin; 2-Hydroxybenzyl alcohol; 2-(Hydroxymethyl)phenol,blue
C02713,N-Acetylmuramate; N-Acetylmuramic acid; N-Acetyl-D-muramoate,blue
C04332,"6,7-Dimethyl-8-(D-ribityl)lumazine",blue
C01205,(R)-3-Amino-2-methylpropanoate; (R)-3-Aminoisobutyrate; D-3-Aminoisobutanoate; (R)-beta-Aminoisobutyrate; (R)-3-Aminoisobutyric acid,blue
C16489,Fructoselysine 6-phosphate,blue
C00154,Palmitoyl-CoA; Hexadecanoyl-CoA,blue
C00114,Choline; Bilineurine,green
C05897,"Undecaprenyl-diphospho-N-acetylmuramoyl-L-alanyl-D-glutamyl-meso-2,6-diaminopimeloyl-D-alanyl-D-alanine",blue
C11453,"2-C-Methyl-D-erythritol 2,4-cyclodiphosphate; 3-Methyl-1,2,3,4-tetrahydroxybutane-1,3-cyclic bisphosphate",blue
C03740,(5-L-Glutamyl)-L-amino acid; L-gamma-Glutamyl-L-amino acid; alpha-(gamma-L-Glutamyl)-L-amino acid,blue
C00979,O-Acetyl-L-serine; O3-Acetyl-L-serine,blue
C04132,N-Acetyl-D-glucosamine 6-sulfate,blue
C02170,Methylmalonate; Methylmalonic acid,blue
C09332,THF-L-glutamate; Tetrahydropteroyldiglutamate; (6S)-H4PteGlu2,blue
C04823,1-(5'-Phosphoribosyl)-5-amino-4-(N-succinocarboxamide)-imidazole; 1-(5'-Phosphoribosyl)-4-(N-succinocarboxamide)-5-aminoimidazole; 5'-Phosphoribosyl-4-(N-succinocarboxamide)-5-aminoimidazole; (S)-2-[5-Amino-1-(5-phospho-D-ribosyl)imidazole-4-carboxamido]succinate; SAICAR,blue
C00617,UDP-D-galacturonate; UDPgalacturonate; UDP-alpha-D-galacturonate,blue
C15976,2-Methyl-1-hydroxypropyl-ThPP; 2-Methyl-1-hydroxypropyl-TPP,blue
C00152,L-Asparagine; 2-Aminosuccinamic acid,green
C00764,D-Sorbose; D-xylo-Hexulose,blue
C00387,Guanosine,green
C02553,L-Seryl-tRNA(Ser),blue
C00153,Nicotinamide; Nicotinic acid amide; Niacinamide; Vitamin PP,green
C15587,Purine; Purine base,blue
C00857,Deamino-NAD+; Deamido-NAD+; Deamido-NAD; Nicotinic acid adenine dinucleotide,blue
C21065,"7,8-Dihydroxanthopterin",blue
C04133,N-Acetyl-L-glutamate 5-phosphate; N-Acetyl-L-glutamyl 5-phosphate,blue
C21877,5-Carboxy-1-(5-O-phospho-beta-D-ribofuranosyl)pyridin-1-ium-3-carbonyl adenylate,blue
C00283,Hydrogen sulfide; Hydrogen-sulfide; H2S; Sulfide,blue
C04644,"3alpha,7alpha-Dihydroxy-5beta-cholestanoyl-CoA",blue
C04146,all-trans-Octaprenyl diphosphate; Farnesylfarnesylgeraniol,green
C00245,Taurine; 2-Aminoethanesulfonic acid; Aminoethylsulfonic acid,blue
C02972,Dihydrolipoylprotein; [H-protein]-dihydrolipoyllysine; [GCSH]-N6-[(R)-dihydrolipoyl]-L-lysine; [GcvH]-N6-[(R)-dihydrolipoyl]-L-lysine; [Glycine cleavage system H]-N6-[(R)-dihydrolipoyl]-L-lysine,blue
C06504,"Cob(II)yrinate a,c diamide; Cob(II)yrinate diamide; Cob(II)yrinic acid a,c-diamide; Cobyrinate a,c-diamide; Cobyrinic acid a,c-diamide",blue
C02888,Sorbose 1-phosphate; L-Sorbose 1P; L-xylo-Hexulose 1-phosphate; L-Sorbose 1-phosphate,blue
C00165,Diacylglycerol; Diglyceride,blue
C04349,"(4S)-4,6-Dihydroxy-2,5-dioxohexanoate; 3-Deoxy-D-glycero-2,5-hexodiulosonate; 2,5-Diketo-3-deoxy-D-gluconate; 3-Deoxy-D-glycero-hexo-2,5-diulosonic acid",blue
C04051,5-Amino-4-imidazolecarboxyamide,blue
C02430,L-Methionyl-tRNA; L-Methionyl-tRNA(Met),blue
C01024,Hydroxymethylbilane,blue
C00448,"trans,trans-Farnesyl diphosphate; Farnesyl diphosphate; Farnesyl pyrophosphate; 2-trans,6-trans-Farnesyl diphosphate; (2E,6E)-Farnesyl diphosphate",green
C06563,"Genistein; 5,7,4'-Trihydroxyisoflavone",green
C01267,3-(Imidazol-4-yl)-2-oxopropyl phosphate; Imidazole-acetol phosphate,blue
C00461,"Chitin; beta-1,4-Poly-N-acetyl-D-glucosamine; [1,4-(N-Acetyl-beta-D-glucosaminyl)]n; [1,4-(N-Acetyl-beta-D-glucosaminyl)]n+1",blue
C21880,[Protein]-S-[5-carboxy-1-(5-O-phosphono-beta-D-ribofuranosyl)pyridin-1-ium-3-carbonyl]-L-cysteine,blue
C00135,L-Histidine; (S)-alpha-Amino-1H-imidazole-4-propionic acid,green
C01051,Uroporphyrinogen III,blue
C03541,THF-polyglutamate; Tetrahydropteroyl-[gamma-Glu]n; Tetrahydrofolyl-[Glu](n-1); (6S)-H4PteGlu(n); Tetrahydropteroyl-[gamma-Glu]n+1; Tetrahydrofolyl-[Glu](n),blue
C05983,Propionyladenylate; Propionyl-adenosine monophosphate,blue
C00279,D-Erythrose 4-phosphate,blue
C03460,2-Methylprop-2-enoyl-CoA; Methacrylyl-CoA; Methylacrylyl-CoA,blue
C00250,Pyridoxal,green
C00577,D-Glyceraldehyde,blue
C00638,Long-chain fatty acid; Higher fatty acid,blue
C11543,Cobalt-dihydro-precorrin 6; Cobalt-precorrin 6B,blue
C11638,3-Amino-2-oxopropyl phosphate; 1-Amino-3-(phosphohydroxy)propan-2-one,blue
C02218,Dehydroalanine; 2-Aminoacrylate; 2-Aminoprop-2-enoate,blue
C05684,Selenite,blue
C04734,1-(5'-Phosphoribosyl)-5-formamido-4-imidazolecarboxamide; 5'-Phosphoribosyl-5-formamido-4-imidazolecarboxamide; 5-Formamido-1-(5-phosphoribosyl)imidazole-4-carboxamide; 5-Formamido-1-(5-phospho-D-ribosyl)imidazole-4-carboxamide; FAICAR,blue
C00410,"Progesterone; 4-Pregnene-3,20-dione",blue
C16254,[Dihydrolipoyllysine-residue succinyltransferase] S-succinyldihydrolipoyllysine; S-Succinyldihydrolipoamide-E; Enzyme N6-(S-succinyldihydrolipoyl)lysine,blue
C04181,3-Hydroxy-3-methyl-2-oxobutanoic acid; 3-Hydroxy-3-methyl-2-oxobutanoate; 2-Oxo-3-hydroxyisovalerate,blue
C05772,Precorrin 3A,blue
C00147,Adenine; 6-Aminopurine,green
C00388,Histamine; 1H-Imidazole-4-ethanamine; 2-(4-Imidazolyl)ethylamine,green
C01302,1-(2-Carboxyphenylamino)-1-deoxy-D-ribulose 5-phosphate,blue
C06010,(S)-2-Acetolactate; (S)-2-Hydroxy-2-methyl-3-oxobutanoate; (2S)-2-Hydroxy-2-methyl-3-oxobutanoate; (2S)-2-Hydroxy-2-methyl-3-oxobutanoic acid,blue
C04281,"L-1-Pyrroline-3-hydroxy-5-carboxylate; 3-Hydroxy-L-1-pyrroline-5-carboxylate; (3R,5S)-1-Pyrroline-3-hydroxy-5-carboxylate; (3R,5S)-3-Hydroxy-1-pyrroline-5-carboxylate",blue
C00439,N-Formimino-L-glutamate; N-Formimidoyl-L-glutamate,blue
C00197,3-Phospho-D-glycerate; D-Glycerate 3-phosphate; 3-Phospho-(R)-glycerate; 3-Phosphoglycerate,blue
C06240,UDP-N-acetyl-D-mannosaminouronate; UDP-N-acetyl-2-amino-2-deoxy-D-mannuronate; UDP-N-acetyl-D-mannosaminuronic acid; UDP-N-acetyl-alpha-D-mannosaminuronate,blue
C17556,"di-trans,poly-cis-Undecaprenyl phosphate; Undecaprenyl phosphate; ditrans,octacis-Undecaprenyl phosphate",blue
C00005,NADPH; TPNH; Reduced nicotinamide adenine dinucleotide phosphate,blue
C00028,Acceptor; Hydrogen-acceptor; A; Oxidized donor,blue
C00760,"Cellulose; (1,4-beta-D-Glucosyl)n; (1,4-beta-D-Glucosyl)n+1; (1,4-beta-D-Glucosyl)n-1; 1,4-beta-D-Glucan; Microcrystalline cellulose",blue
C01300,"6-(Hydroxymethyl)-7,8-dihydropterin; 6-Hydroxymethyl-7,8-dihydropterin; 2-Amino-4-hydroxy-6-hydroxymethyl-7,8-dihydropteridine",blue
C03082,4-Phospho-L-aspartate; L-4-Aspartyl phosphate,blue
C01563,Carbamate; Carbamic acid; Aminoformic acid,blue
C03402,L-Asparaginyl-tRNA(Asn); Asn-tRNA(Asn); Asparaginyl-tRNA(Asn),blue
C21017,2-(alpha-Hydroxypropyl)thiamine diphosphate; 2-Hydroxypropyl-ThPP,blue
C04881,"N-Acetyl-beta-D-mannosaminyl-1,4-N-acetyl-D-glucosaminyldiphosphoundecaprenol; N-Acetyl-beta-D-mannosaminyl-(1->4)-N-acetyl-alpha-D-glucosaminyl-diphospho-ditrans,octacis-undecaprenol",blue
C05161,"(2R,5S)-2,5-Diaminohexanoate",blue
C04180,cis-Dec-3-enoyl-[acp]; cis-Dec-3-enoyl-[acyl-carrier protein]; cis-3-Decenoyl-[acyl-carrier protein]; (3Z)-Dec-3-enoyl-[acp]; (3Z)-Decenoyl-[acp],blue
C17215,3-(3'-Methylthio)propylmalic acid; 3-(3'-Methylthio)propylmalate,blue
C16334,3-Oxo-OPC6-CoA,blue
C15972,Enzyme N6-(lipoyl)lysine; Lipoamide-E; [E2 protein]-N6-lipoyl-L-lysine; [Lipoyl-carrier protein E2]-N6-lipoyl-L-lysine,blue
C05825,2-Amino-5-oxohexanoate,blue
C00504,Folate; Pteroylglutamic acid; Folic acid,blue
C20969,Carboxyphosphate,blue
C04121,CMP-3-deoxy-D-manno-octulosonate; CMP-KDO; CMP-beta-KDO,blue
C00692,UDP-N-acetylmuramoyl-L-alanyl-D-glutamate; UDP-N-acetyl-alpha-D-muramoyl-L-alanyl-D-glutamate,blue
C22442,dZDP; 2-Amino-2'-deoxyadenosine 5'-diphosphate,blue
C00048,Glyoxylate; Glyoxalate; Glyoxylic acid,blue
C20395,UDP-2-acetamido-2-deoxy-alpha-D-ribo-hex-3-uluronate; UDP-3-keto-GlcNAcA,blue
C03291,L-Xylulose 5-phosphate,blue
C14899,3-Dehydro-L-gulonate 6-phosphate,blue
C16633,5-Fluorouridine,blue
C00966,2-Dehydropantoate,blue
C21284,Fe-coproporphyrin III; Coproheme III,blue
C05125,2-(alpha-Hydroxyethyl)thiamine diphosphate; 2-Hydroxyethyl-ThPP,blue
C01468,4-Cresol; p-Cresol; 4-Hydroxytoluene; 4-Methylphenol,blue
C01142,"(3S)-3,6-Diaminohexanoate; L-beta-Lysine",blue
C00624,N-Acetyl-L-glutamate; N-Acetyl-L-glutamic acid,blue
C00078,L-Tryptophan; Tryptophan; (S)-alpha-Amino-beta-(3-indolyl)-propionic acid,green
C16242,Cobalt-precorrin 5A,blue
C00258,D-Glycerate; Glycerate; (R)-Glycerate; Glyceric acid,blue
C00093,sn-Glycerol 3-phosphate; Glycerophosphoric acid; D-Glycerol 1-phosphate,blue
C01368,3'-UMP; Uridine 3'-monophosphate; Uridine 3'-phosphate,blue
C00059,Sulfate; Sulfuric acid,blue
C00101,"Tetrahydrofolate; 5,6,7,8-Tetrahydrofolate; Tetrahydrofolic acid; THF; (6S)-Tetrahydrofolate; (6S)-Tetrahydrofolic acid; (6S)-THFA",blue
C00546,Methylglyoxal; Pyruvaldehyde; Pyruvic aldehyde; 2-Ketopropionaldehyde; 2-Oxopropanal,blue
C00027,Hydrogen peroxide; H2O2; Oxydol,blue
C00266,Glycolaldehyde; Hydroxyacetaldehyde,blue
C19875,alpha-Kdo-(2->8)-alpha-Kdo-(2->4)-alpha-Kdo-(2->6)-lipid IVA,blue
C01092,8-Amino-7-oxononanoate; 8-Amino-7-oxononanoic acid; 7-Keto-8-aminopelargonic acid; KAPA,green
C00091,Succinyl-CoA; Succinyl coenzyme A,blue
C00269,"CDP-diacylglycerol; CDP-1,2-diacylglycerol; 1,2-Diacyl-sn-glycero-3-cytidine-5'-diphosphate",blue
C06113,L-Aspartyl-tRNA(Asn); Asp-tRNA(Asn); Aspartyl-tRNA(Asn),blue
C00344,Phosphatidylglycerol; 3-(3-sn-Phosphatidyl)glycerol; 3(3-Phosphatidyl-)glycerol; PtdGro,blue
C03586,"2-Oxo-2,3-dihydrofuran-5-acetate; 3-Oxoadipate enol-lactone; 4,5-Dihydro-5-oxofuran-2-acetate; 5-Oxo-4,5-dihydrofuran-2-acetate",blue
C01909,Dethiobiotin; Desthiobiotin,blue
C21335,"1,2-beta-Oligomannan; 1,2-beta-D-Mannooligosaccharide; [(1->2)-beta-D-Mannosyl]n",blue
C05760,trans-Tetradec-2-enoyl-[acp]; trans-Tetradec-2-enoyl-[acyl-carrier protein]; (2E)-Tetradecenoyl-[acp],blue
C18048,N-Succinyl-L-citrulline,blue
C04122,D-1-Aminopropan-2-ol O-phosphate; (R)-1-Aminopropan-2-yl phosphate,blue
C20374,Enoylglutaryl-[acp] methyl ester; Enoylglutaryl-[acyl-carrier protein] methyl ester,blue
C02429,L-Leucyl-protein,blue
C00064,L-Glutamine; L-2-Aminoglutaramic acid,green
C00041,L-Alanine; L-2-Aminopropionic acid; L-alpha-Alanine,green
C05819,Menaquinol; Reduced menaquinone; Vitamin K2 hydroquinone; Reduced vitamin K2,blue
C00001,H2O; Water,blue
C00438,N-Carbamoyl-L-aspartate,blue
C00194,"Cobamide coenzyme; Adenosylcobalamin; Adenosylcob(III)alamin; Deoxyadenosylcobalamin; Cobamamide; Vitamin B12 coenzyme; 5,6-Dimethylbenzimidazolyl-5-deoxyadenosyl-cobamide; (5'-Deoxy-5'-adenosyl)cobamide coenzyme; (5,6-Dimethylbenzimidazolyl)cobamide coenzyme; alpha-(5,6-Dimethylbenzimidazolyl)cobamide coenzyme; 5'-Deoxy-5'-adenosylcobalamin; 5'-Deoxy-5'-adenosyl vitamin B12; 5'-Deoxy-5'-adenosyl-5,6-dimethylbenzimidazolylcobamide; 5,6-Dimethylbenzimidazolyl-Co-5'-deoxy-5'-adenosylcobamide; Calomide; Cobalamin coenzyme; Coenzyme B12; DMBC coenzyme; Dibencozide; Funacomide",blue
C05404,D-Gal alpha 1->6D-Gal alpha 1->6D-Glucose; D-Gal-alpha1->6D-Gal-alpha1->6D-Glucose; Manninotriose,blue
C00691,"2,4,6/3,5-Pentahydroxycyclohexanone; scyllo-Inosose; 2-Inosose",blue
C04039,"2,3-Dihydroxy-3-methylbutanoate; 2,3-Dihydroxy-isovalerate; 2,3-Dihydroxy-isovaleric acid",blue
C12215,Iminoerythrose 4-phosphate; Imino-D-erythrose 4-phosphate,blue
C06022,UDP-3-O-(3-hydroxytetradecanoyl)-D-glucosamine; UDP-3-O-(beta-hydroxymyristoyl)-D-glucosamine; UDP-3-O-[(3R)-3-hydroxymyristoyl]-D-glucosamine; UDP-3-O-[(3R)-3-hydroxymyristoyl]-alpha-D-glucosamine,blue
C05923,"2,5-Diaminopyrimidine nucleoside triphosphate",blue
C06118,4-(4-Deoxy-alpha-D-gluc-4-enuronosyl)-D-galacturonate; 4-(4-Deoxy-alpha-D-galact-4-enuronosyl)-D-galacturonate; Unsaturated digalacturonate,blue
C02183,"Phloroglucinol; 1,3,5-Benzenetriol; 1,3,5-Trihydroxybenzene; Benzene-1,3,5-triol",blue
C16330,3-Oxo-OPC8-CoA,blue
C11143,Dimethyl sulfoxide; DMSO,blue
C00035,GDP; Guanosine 5'-diphosphate; Guanosine diphosphate,green
C00075,UTP; Uridine 5'-triphosphate; Uridine triphosphate,green
C16399,"2,4-Diamino-6-hydroxylaminotoluene",blue
C00192,Hydroxylamine; NH2OH,blue
C14090,1-Naphthaldehyde; 1-Formylnaphthalene,blue
C01769,(S)-Acetoin; (S)-2-Acetoin; (3S)-3-Hydroxybutan-2-one,blue
C01077,O-Acetyl-L-homoserine; O-Acetylhomoserine,blue
C10447,"3,4-Dihydroxyphenylpropanoate; Dihydrocaffeic acid; 3,4-Dihydroxyphenylpropionic acid; 3-(3,4-Dihydroxyphenyl)propanoate",blue
C00501,CDP-glucose; CDP-D-Glucose,blue
C16619,6-Thioguanosine monophosphate,blue
C01179,3-(4-Hydroxyphenyl)pyruvate; 4-Hydroxyphenylpyruvate; p-Hydroxyphenylpyruvic acid,blue
C03733,"UDP-alpha-D-galactofuranose; UDP-alpha-D-galacto-1,4-furanose; UDP-D-galacto-1,4-furanose",blue
C01228,"Guanosine 3',5'-bis(diphosphate); Guanosine 3'-diphosphate 5'-diphosphate; Guanosine 5'-diphosphate,3'-diphosphate",blue
C11924,Perillic acid,blue
C20768,"UDP-2-acetamido-2,6-dideoxy-beta-L-talose; UDP-N-acetyl-beta-L-pneumosamine",blue
C01929,L-Histidinal,blue
C00334,4-Aminobutanoate; 4-Aminobutanoic acid; 4-Aminobutyrate; 4-Aminobutyric acid; gamma-Aminobutyric acid; GABA,green
C00789,CDP-ribitol; CDP-L-ribitol; CDP 5-ester with D-ribitol,blue
C02226,2-Methylmaleate; Citraconate; Citraconic acid; Methylmaleic acid,blue
C02745,Reduced flavodoxin,blue
C04327,4-Methyl-5-(2-phosphooxyethyl)thiazole; 4-Methyl-5-(2-phosphonooxyethyl)thiazole; 5-(2-Hydroxyethyl)-4-methylthiazole phosphate; HET-P,blue
C21178,Pupylated protein; N6-([Prokaryotic ubiquitin-like protein]-gamma-L-glutamyl)-[protein]-L-lysine,blue
C00085,D-Fructose 6-phosphate; D-Fructose 6-phosphoric acid; Neuberg ester,blue
C00229,Acyl-carrier protein; ACP; [Acyl-carrier protein]; Holo-[acyl-carrier protein],blue
C04352,(R)-4'-Phosphopantothenoyl-L-cysteine; N-[(R)-4'-Phosphopantothenoyl]-L-cysteine,blue
C06024,"3-Deoxy-D-manno-octulosonyl-lipid IV(A); KDO-lipid IV(A); 3-Deoxy-D-manno-octulosonyl-2',3',2',3'-tetrakis(beta-hydroxymyristoyl)-D-glucosaminyl-1,6-beta-D-glucosamine 1,4'-bisphosphate; alpha-Kdo-(2->6)-[lipid IVA]",blue
C20933,(9Z)-Hexadec-9-enoyl-KDO2-lipid IV(A); Palmitoleoyl-KDO2-lipid IV(A); (9Z)-Hexadec-9-enoyl-KDO2-lipid IVA,blue
C20422,alpha-D-Ribose 1-methylphosphonate 5-triphosphate,blue
C00099,beta-Alanine; 3-Aminopropionic acid; 3-Aminopropanoate,green
C00280,"Androstenedione; Androst-4-ene-3,17-dione; 4-Androstene-3,17-dione",green
C06441,L-Xylulose 1-phosphate,blue
C03263,Coproporphyrinogen III,blue
C05751,trans-Oct-2-enoyl-[acp]; trans-Oct-2-enoyl-[acyl-carrier protein]; Oct-2-enoyl-[acyl-carrier protein]; 2-Octenoyl-[acyl-carrier protein]; (2E)-Octenoyl-[acp],blue
C04153,rRNA containing N2-methylguanine,blue
C00310,D-Xylulose; D-threo-Pentulose; D-Lyxulose,blue
C15996,7-Cyano-7-carbaguanine; 7-Cyano-7-deazaguanine,blue
C04432,tRNA containing 6-isopentenyladenosine; N6-(3-Methylbut-2-en-1-yl)-adenosine in tRNA; N6-(3-Methylbut-2-en-1-yl)-adenine in tRNA; N6-Dimethylallyladenine in tRNA,blue
C05951,Leukotriene D4; LTD4,blue
C01222,GDP-4-dehydro-6-deoxy-D-mannose; GDP-4-dehydro-6-deoxy-D-talose; GDP-4-oxo-6-deoxy-D-mannose; GDP-4-dehydro-D-rhamnose; GDP-4-keto-6-deoxy-D-mannose; GDP-4-dehydro-alpha-D-rhamnose; GDP-4-dehydro-6-deoxy-alpha-D-mannose,blue
C02953,"7,8-Dihydrobiopterin; L-erythro-7,8-Dihydrobiopterin",blue
C11827,[GlcNAc-(1->4)-Mur2Ac(oyl-L-Ala-g-D-Glu-A2pm-D-Ala-D-Ala)]n-diphosphoundecaprenol; [GlcNAc-(1->4)-Mur2Ac(oyl-L-Ala-g-D-Glu-A2pm-D-Ala-D-Ala)]n+1-diphosphoundecaprenol,blue
C00168,Hydroxypyruvate; Hydroxypyruvic acid; 3-Hydroxypyruvate; 3-Hydroxypyruvic acid,blue
C21310,"(8S)-3',8-Cyclo-7,8-dihydroguanosine 5'-triphosphate",blue
C05822,3'-CMP; Cytidine 3'-phosphate,blue
C00180,Benzoate; Benzoic acid; Benzenecarboxylic acid; Phenylformic acid; Dracylic acid,blue
C00641,"1,2-Diacyl-sn-glycerol; 1,2-Diacylglycerol; L-1,2-Diacylglycerol",blue
C00255,"Riboflavin; Lactoflavin; 7,8-Dimethyl-10-ribitylisoalloxazine; Vitamin B2",green
C00040,Acyl-CoA; Acyl coenzyme A,blue
C00364,dTMP; Thymidine 5'-phosphate; Deoxythymidine 5'-phosphate; Thymidylic acid; 5'-Thymidylic acid; Thymidine monophosphate; Deoxythymidylic acid; Thymidylate,green
C00718,"Amylose; Amylose chain; (1,4-alpha-D-Glucosyl)n; (1,4-alpha-D-Glucosyl)n+1; (1,4-alpha-D-Glucosyl)n-1; 4-{(1,4)-alpha-D-Glucosyl}(n-1)-D-glucose; 1,4-alpha-D-Glucan",blue
C00067,Formaldehyde; Methanal; Oxomethane; Oxomethylene; Methylene oxide; Formalin,blue
C05841,Nicotinate D-ribonucleoside; beta-D-Ribosylnicotinate,blue
C01081,Thiamin monophosphate; Thiamine monophosphate; Thiamin phosphate; Thiamine phosphate; TMP,blue
C14463,(R)-3-Hydroxy-3-methyl-2-oxopentanoate; (R)-3-Hydroxy-3-methyl-2-oxopentanoic acid,blue
C05512,Deoxyinosine; 2'-Deoxyinosine,blue
C00137,myo-Inositol; D-myo-Inositol; 1D-myo-Inositol; L-myo-Inositol; 1L-myo-Inositol; meso-Inositol; Inositol; Dambose; Cyclohexitol; Meat sugar; Bios I,blue
C00132,Methanol; Methyl alcohol; CH3OH,blue
C01138,Streptomycin 6-phosphate,blue
C05729,R-S-Cysteinylglycine; [L-Cysteinylglycine]-S-conjugate,blue
C00631,2-Phospho-D-glycerate; D-Glycerate 2-phosphate; 2-Phospho-(R)-glycerate,blue
C05378,"beta-D-Fructose 1,6-bisphosphate",blue
C00185,Cellobiose; 1-beta-D-Glucopyranosyl-4-D-glucopyranose,blue
C04877,"UDP-N-acetylmuramoyl-L-alanyl-gamma-D-glutamyl-meso-2,6-diaminopimelate; UDP-N-acetylmuramoyl-L-alanyl-gamma-D-glutamyl-meso-2,6-diaminoheptanedioate; UDP-N-acetyl-alpha-D-muramoyl-L-alanyl-gamma-D-glutamyl-meso-2,6-diaminoheptanedioate; UDP-N-acetylmuramoyl-L-alanyl-D-gamma-glutamyl-meso-2,6-diaminopimelate; UDP-N-acetylmuramoyl-L-alanyl-D-gamma-glutamyl-meso-2,6-diamino-heptanedioate",blue
C00191,D-Glucuronate; Glucuronic acid; Glucuronate,blue
C05172,Selenophosphoric acid; Selenophosphate,blue
C00679,"5-Dehydro-4-deoxy-D-glucarate; (2R,3S)-2,3-Dihydroxy-5-oxohexanedioate",blue
C18094,UDP-L-arabinofuranose; UDP-beta-L-arabinofuranose,blue
C00558,D-Tagaturonate; D-Tagaturonic acid,blue
C06377,D-Galactosamine 6-phosphate,blue
C03589,4-Hydroxy-2-oxopentanoate; 4-Hydroxy-2-oxovalerate,blue
C21878,Pyridinium-3-carboxy-5-thiocarboxylic acid mononucleotide; PCTMN; Pyridin-1-ium-3-carboxylate-5-thiocarboxylate mononucleotide,blue
C00492,Raffinose; Melitose; Melitriose; Gossypose; 6G-alpha-D-galactosylsucrose,blue
C05726,S-Substituted L-cysteine; R-S-Cysteine; L-Cysteine S-conjugate,blue
C00559,Deoxyadenosine; 2'-Deoxyadenosine,green
C19085,tRNA with a 3' CCA end,blue
C00508,L-Ribulose; L-erythro-Pentulose; L-Arabinoketose; L-Arabinulose; L-Riboketose,blue
C00022,Pyruvate; Pyruvic acid; 2-Oxopropanoate; 2-Oxopropanoic acid; Pyroracemic acid,blue
C16519,2-Succinyl-5-enolpyruvyl-6-hydroxy-3-cyclohexene-1-carboxylate; 5-Enolpyruvoyl-6-hydroxy-2-succinylcyclohex-3-ene-1-carboxylate; SEPHCHC,blue
C00531,Itaconyl-CoA,blue
C01107,(R)-5-Phosphomevalonate; (R)-5-Phosphomevalonic acid; (R)-Mevalonic acid 5-phosphate,blue
C22161,Dihydrolipoyl-AMP,blue
C00436,N-Carbamoylputrescine,green
C08325,Amygdalin; (R)-Amygdalin; (R)-Amygdaloside; (R)-Laenitrile,blue
C02967,5-Methylcytosine in DNA; DNA 5-methylcytosine; DNA containing 5-methylcytosine,blue
C00342,Thioredoxin; Reduced thioredoxin,blue
C00962,beta-D-Galactose,blue
C00237,CO; Carbon monoxide,blue
C00302,Glutamate; Glutaminic acid; 2-Aminoglutaric acid,blue
C00095,D-Fructose; Levulose; Fruit sugar; D-arabino-Hexulose,blue
C04438,1-Acyl-sn-glycero-3-phosphoethanolamine; L-2-Lysophosphatidylethanolamine,blue
C00376,Retinal; Vitamin A aldehyde; Retinene; all-trans-Retinal; all-trans-Vitamin A aldehyde; all-trans-Retinene,green
C00343,Thioredoxin disulfide; Oxidized thioredoxin; Thioredoxin sulfide,blue
C02939,3-Methylbutanoyl-CoA; Isovaleryl-CoA,blue
C01190,Glucosylceramide; Glucocerebroside; beta-D-Glucosyl-(1<->1)-ceramide; D-Glucosyl-N-acylsphingosine; beta-D-Glucosyl-N-acylsphingosine,blue
C00695,"Cholic acid; Cholate; 3alpha,7alpha,12alpha-Trihydroxy-5beta-cholanate; 3alpha,7alpha,12alpha-Trihydroxy-5beta-cholanic acid",green
C00252,Isomaltose; Brachiose,blue
C00887,Nitrous oxide; Dinitrogen monoxide; Dinitrogen oxide; N2O,blue
C21453,(2-Aminobenzoyl)acetate; 2-Aminobenzoylacetate,blue
C00234,10-Formyltetrahydrofolate; 10-Formyl-THF,blue
C00188,L-Threonine; 2-Amino-3-hydroxybutyric acid,green
C00025,L-Glutamate; L-Glutamic acid; L-Glutaminic acid; Glutamate,green
C00527,Glutaryl-CoA,blue
C01134,Pantetheine 4'-phosphate; 4'-Phosphopantetheine; Phosphopantetheine; D-Pantetheine 4'-phosphate,blue
C00195,N-Acylsphingosine; Ceramide; N-Acylsphing-4-enine; (4E)-Sphing-4-enine ceramide,blue
C00458,dCTP; Deoxycytidine 5'-triphosphate; Deoxycytidine triphosphate; 2'-Deoxycytidine 5'-triphosphate,green
C02352,"1,4-beta-D-Xylan; (1,4-beta-D-Xylan)n; (1,4-beta-D-Xylan)n+1",blue
C11406,(5R)-6-Hydroxy-5-isopropenyl-2-methylhexanoate,blue
C00047,"L-Lysine; Lysine acid; 2,6-Diaminohexanoic acid",green
C03161,[Oxidized NADPH---hemoprotein reductase]; Oxidized flavoprotein,blue
C03684,"6-Pyruvoyltetrahydropterin; 6-(1,2-Dioxopropyl)-5,6,7,8-tetrahydropterin; 6-Pyruvoyl-5,6,7,8-tetrahydropterin",blue
C00630,2-Methylpropanoyl-CoA; 2-Methylpropionyl-CoA; Isobutyryl-CoA,blue
C01279,4-Amino-5-hydroxymethyl-2-methylpyrimidine; Toxopyrimidine; 4-Amino-2-methyl-5-pyrimidinemethanol; HMP,blue
C05345,beta-D-Fructose 6-phosphate; beta-D-Fructofuranose 6-phosphate,blue
C00058,Formate; Methanoic acid; Formic acid,green
C01721,L-Fuculose; 6-Deoxy-L-tagatose,blue
C03160,2-Succinylbenzoyl-CoA; o-Succinylbenzoyl-CoA; Succinylbenzoyl-CoA; 4-(2-Carboxyphenyl)-4-oxobutanoyl-CoA,blue
C05269,3-Oxohexanoyl-CoA; 3-Ketohexanoyl-CoA,blue
C22441,dZMP; 2-Amino-2'-deoxyadenosine 5'-monophosphate,blue
C04506,Protein C-terminal S-farnesyl-L-cysteine,blue
C05921,Biotinyl-5'-AMP,blue
C00680,"meso-2,6-Diaminoheptanedioate; meso-2,6-Diaminopimelate; meso-2,6-Diaminopimelic acid; meso-Diaminoheptanedioate",blue
C01346,dUDP; 2'-Deoxyuridine 5'-diphosphate,blue
C00145,Thiol; Mercaptan,blue
C10208,Daidzein,green
C05980,"Cardiolipin; Diphosphatidylglycerol; 1',3'-Bis(1,2-diacyl-sn-glycero-3-phospho)-sn-glycerol",blue
C20377,3-Hydroxypimeloyl-[acp] methyl ester; 3-Hydroxypimeloyl-[acyl-carrier protein] methyl ester,blue
C01094,D-Fructose 1-phosphate,blue
C04334,Acetyl-[citrate (pro-3S)-lyase],blue
C20446,tRNA 7-aminomethyl-7-carbaguanine; tRNA preQ1; 7-Aminomethyl-7-carbaguanine in tRNA,blue
C00705,dCDP; 2'-Deoxycytidine diphosphate; 2'-Deoxycytidine 5'-diphosphate,green
C00214,Thymidine; Deoxythymidine,blue
C15975,[Dihydrolipoyllysine-residue (2-methylpropanoyl)transferase] S-(3-methylbutanoyl)dihydrolipoyllysine; S-(3-Methylbutanoyl)-dihydrolipoamide-E,blue
C01801,Deoxyribose; 2-Deoxy-D-erythro-pentose; Thyminose; 2-Deoxy-D-ribose,blue
C00842,dTDP-glucose; dTDP-D-glucose; dTDP-alpha-D-glucose,blue
C21029,(R)-3-Ureidoisobutyrate; (R)-N-Carbamyl-beta-aminoisobutyrate,blue
C22458,8-Amino-7-(carboxyamino)nonanoate,blue
C22092,5'-O-Phosphonoadenylyl-(3'->5')-adenosine; pApA,blue
C05267,3-Oxooctanoyl-CoA,blue
C06509,Adenosyl cobinamide phosphate; Adenosylcobinamide phosphate,blue
C02984,L-Aspartyl-tRNA(Asp),blue
C04216,all-trans-Heptaprenyl diphosphate,green
C00044,GTP; Guanosine 5'-triphosphate,green
C04882,"UDP-N-acetylmuramoyl-L-alanyl-D-glutamyl-6-carboxy-L-lysyl-D-alanyl-D-alanine; UDP-N-acetylmuramoyl-L-alanyl-D-glutamyl-meso-2,6-diaminopimeloyl-D-alanyl-D-alanine; UDP-N-acetylmuramoyl-L-alanyl-D-gamma-glutamyl-6-carboxy-L-lysyl-D-alanyl-D-alanine",blue
C06508,Adenosyl cobinamide; Adenosylcobinamide,blue
C12632,Luteolin 7-O-[beta-D-glucuronosyl-(1->2)-beta-D-glucuronide]; Luteolin 7-O-beta-D-diglucuronide,blue
C16470,5-Methylhex-4-enoyl-CoA,blue
C06102,Adipate semialdehyde; Hexan-1-one-6-carboxylate; 6-Oxohexanoate; 6-Oxohexanoic acid,blue
C00253,Nicotinate; Nicotinic acid; Niacin; 3-Pyridinecarboxylic acid,green
C01327,Hydrochloric acid; HCl; Hydrogen chloride; Hydrochloride,blue
C04260,O-D-Alanyl-poly(ribitol phosphate),blue
C00206,dADP; 2'-Deoxyadenosine 5'-diphosphate,blue
C00125,Ferricytochrome c; Cytochrome c3+,blue
C19078,tRNA with a 3' cytidine,blue
C18040,"5alpha-Dihydrodeoxycorticosterone; 5alpha-Pregnan-21-ol-3,20-dione; Allopregnane-21-ol-3,20-dione",blue
C01209,Malonyl-[acyl-carrier protein]; Malonyl-[acp],blue
C20239,"6-Carboxy-5,6,7,8-tetrahydropterin; 6-Carboxytetrahydropterin",blue
C00244,Nitrate; Nitric acid,blue
C04738,UDP-3-O-(3-hydroxytetradecanoyl)-N-acetylglucosamine; UDP-3-O-(beta-hydroxymyristoyl)-N-acetylglucosamine; UDP-3-O-[(3R)-3-hydroxymyristoyl]-N-acetylglucosamine,blue
C00166,Phenylpyruvate; Phenylpyruvic acid; alpha-Ketohydrocinnamic acid; keto-Phenylpyruvate; 3-Phenyl-2-oxopropanoate; 2-Oxo-3-phenylpropanoate,blue
C00073,L-Methionine; Methionine; L-2-Amino-4methylthiobutyric acid,green
C11907,"dTDP-4-oxo-6-deoxy-D-glucose; dTDP-4-dehydro-6-deoxy-D-glucose; dTDP-4-dehydro-6-deoxy-alpha-D-glucose; dTDP-4-dehydro-6-deoxy-alpha-D-glucopyranose; dTDP-4-oxo-6-deoxy-alpha-D-glucose; dTDP-4-dehydro-6-deoxy-alpha-D-galactose; dTDP-4-dehydro-6-deoxy-D-galactose; dTDP-6-deoxy-D-xylo-hexos-4-ulose; dTDP-6-deoxy-D-xylo-4-hexulose; 4,6-Dideoxy-4-oxo-dTDP-D-glucose",blue
C00088,Nitrite,blue
C05271,trans-Hex-2-enoyl-CoA; (2E)-Hexenoyl-CoA,blue
C15811,[Enzyme]-cysteine,blue
C05699,L-Selenocystathionine,blue
C07490,"Trichloroethanol; 2,2,2-Trichloroethanol",blue
C00668,alpha-D-Glucose 6-phosphate,blue
C19080,tRNA with a 3' CC end; tRNA with a 3' CC,blue
C04242,5-Fluorodeoxyuridine monophosphate,blue
C04874,"7,8-Dihydroneopterin; Dihydroneopterin; 2-Amino-4-hydroxy-6-(D-erythro-1,2,3-trihydroxypropyl)-7,8-dihydropteridine",blue
C16688,Sucrose 6-phosphate; 6-Phosphosucrose; 6-O-Phosphonosucrose; beta-D-Fructofuranosyl-6-O-phosphono-alpha-D-glucopyranoside,blue
C00111,Glycerone phosphate; Dihydroxyacetone phosphate; 3-Hydroxy-2-oxopropyl phosphate,blue
C05791,D-Urobilinogen,blue
C00688,dTDP-4-dehydro-beta-L-rhamnose; dTDP-4-dehydro-6-deoxy-beta-L-mannose; dTDP-4-oxo-6-deoxy-L-mannose; dTDP-4-oxo-L-rhamnose,blue
C00106,Uracil,green
C17952,N-Acetylphosphinothricin; L-N-Acetylphosphinothricin; N-Acetyl-L-glufosinate; N-Acetylphinothricin,blue
C03313,Phylloquinol; Vitamin K1 hydroquinone; Phytonadiol,blue
C00389,"Quercetin; 3,3',4,5,7-Pentahydroxyflavone; 3,5,7,3',4'-Pentahydroxyflavone",green
C00224,Adenylyl sulfate; Adenosine 5'-phosphosulfate; APS; 5'-Adenylyl sulfate,blue
C21215,Prenylated FMNH2; Reduced prFMN,blue
C13952,UDP-N-acetyl-D-galactosaminuronic acid; UDP-N-acetyl-alpha-D-galactosaminouronate,blue
C05691,Se-Adenosylselenomethionine,blue
C01185,Nicotinate D-ribonucleotide; beta-Nicotinate D-ribonucleotide; Nicotinate ribonucleotide; Nicotinic acid ribonucleotide,blue
C06510,Adenosine-GDP-cobinamide; Adenosylcobinamide-GDP,blue
C11838,"(S)-4,5-Dihydroxypentane-2,3-dione; (4S)-4,5-Dihydroxy-2,3-pentanedione",blue
C00012,Peptide,blue
C11545,Cobalt-precorrin 8; Cobalt-precorrin-8,blue
C00923,Ferricytochrome,blue
C00254,Prephenate; Prephenic acid,blue
C00259,L-Arabinose; L-Arabinopyranose,blue
C00365,dUMP; Deoxyuridylic acid; Deoxyuridine monophosphate; Deoxyuridine 5'-phosphate; 2'-Deoxyuridine 5'-phosphate,green
C00051,Glutathione; 5-L-Glutamyl-L-cysteinylglycine; N-(N-gamma-L-Glutamyl-L-cysteinyl)glycine; gamma-L-Glutamyl-L-cysteinyl-glycine; GSH; Reduced glutathione,green
C02474,Arabinan; alpha-L-Arabinan; alpha-L-Araban,blue
