	0
K22293	blue
C00235	yellow
K07107	blue
K00611	blue
C00315	blue
K02121	blue
K09998	blue
K18829	blue
C21881	blue
K09181	blue
K03215	blue
K14989	blue
K08987	blue
C00068	blue
K05815	blue
C04896	blue
K02492	blue
C00530	blue
C19787	blue
K08483	blue
K01821	blue
C05838	blue
K06198	blue
K01596	blue
K11755	blue
K03500	blue
K00791	blue
K09685	blue
C05762	blue
K13288	blue
K00282	blue
K19165	blue
C00042	blue
C00468	yellow
K00226	blue
C00502	blue
K06934	blue
C01250	blue
C03492	blue
K02118	blue
C20562	blue
K06178	blue
K00604	blue
C01724	yellow
C20372	blue
K02784	blue
K19355	blue
K00013	blue
C02843	blue
K03413	blue
C00141	green
G13191	blue
K06158	blue
K00575	blue
K12214	blue
C04556	blue
K01676	blue
K01666	blue
C01112	blue
K02774	blue
K01267	blue
C05695	blue
K07127	blue
K09817	blue
C16243	blue
K03588	blue
K11175	blue
K01573	blue
C11811	blue
K00052	blue
K00965	blue
K02044	blue
C00636	blue
K07483	blue
K07451	blue
C04154	blue
K02020	blue
K07473	blue
K03544	blue
C04691	blue
C08323	yellow
K03634	blue
K03979	blue
K01756	blue
K01220	blue
K13012	blue
K01354	blue
K02032	blue
K00652	blue
K02982	blue
C00021	blue
C01168	blue
C05198	blue
K02822	blue
C00002	green
C17323	blue
K07150	blue
K02194	blue
C01772	yellow
K00176	blue
K01585	blue
K09787	blue
C00082	yellow
K05970	blue
K07814	blue
K13529	blue
K01686	blue
K18692	blue
C13870	yellow
K01629	blue
C05539	blue
K09769	blue
C19879	blue
C11538	blue
C00036	blue
K07478	blue
K07813	blue
C00483	yellow
K13678	blue
K00690	blue
C00352	blue
K13990	blue
K00712	blue
C02291	blue
C00007	blue
C01289	blue
C06193	blue
K19092	blue
K21449	blue
K00794	blue
C00655	green
K16957	blue
K02454	blue
K09158	blue
K01493	blue
C00763	blue
K06518	blue
K22927	blue
K06898	blue
C00233	blue
C04895	blue
K01661	blue
K11717	blue
C00248	blue
K21473	blue
K01972	blue
K01034	blue
K17073	blue
K11206	blue
K03587	blue
K07260	blue
K07273	blue
K06889	blue
C00275	blue
C08821	yellow
K13051	blue
K01176	blue
K01338	blue
K00275	blue
K00721	blue
K03519	blue
K06410	blue
C05973	blue
K00180	blue
C17949	blue
K02315	blue
K00347	blue
K07717	blue
K10546	blue
K00111	blue
C00561	blue
K01420	blue
K01126	blue
K03190	blue
K12660	blue
C00131	green
C00803	yellow
G10481	blue
K00850	blue
K00949	blue
K10026	blue
K00548	blue
K12452	blue
C01762	green
K09005	blue
K03310	blue
K22015	blue
K11068	blue
K07447	blue
C00204	blue
C03069	blue
C00183	yellow
C01571	green
K12410	blue
C04919	blue
K03800	blue
C00159	green
C19845	blue
K01940	blue
K03641	blue
K22757	blue
K06042	blue
K15586	blue
C00063	blue
K19286	blue
K17836	blue
K03091	blue
K02387	blue
K22441	blue
K11085	blue
K03551	blue
K15531	blue
C00818	blue
C00033	green
K00657	blue
K10010	blue
C04088	blue
K02358	blue
C17322	blue
K01834	blue
K09772	blue
K03217	blue
K18910	blue
K01992	blue
K02535	blue
C02105	yellow
K03719	blue
K02783	blue
K13636	blue
K23004	blue
C05263	blue
C06025	blue
C00416	blue
K01258	blue
C21018	blue
K07726	blue
C00104	blue
K00010	blue
C00049	green
K08972	blue
K21132	blue
C00886	blue
K03501	blue
K04752	blue
C00124	blue
K02189	blue
K03147	blue
K03601	blue
K21011	blue
K02557	blue
C06507	blue
C05817	blue
C00155	blue
K01838	blue
K03644	blue
K16786	blue
K06310	blue
C00993	blue
C09312	yellow
C17223	blue
K05364	blue
K01486	blue
K02045	blue
K02034	blue
K16899	blue
C19859	blue
K21471	blue
C03972	blue
K02619	blue
K00342	blue
K09888	blue
K04077	blue
C09315	yellow
K00974	blue
C01186	blue
K06957	blue
K07789	blue
K07491	blue
C02538	yellow
C00877	blue
K01512	blue
C05848	blue
K10040	blue
C04236	blue
K07448	blue
K00244	blue
C05703	blue
C04293	yellow
K01308	blue
K06394	blue
C00627	blue
K02532	blue
K05774	blue
K01697	blue
K03686	blue
C00140	green
K01071	blue
K03311	blue
C00029	blue
C00568	blue
C20390	blue
K03284	blue
K03606	blue
K12292	blue
K02012	blue
K15587	blue
K21087	blue
C04257	blue
K03832	blue
K02871	blue
K03574	blue
K09976	blue
K01425	blue
K01628	blue
K01843	blue
K09893	blue
C17219	blue
K01868	blue
K07054	blue
K03101	blue
K00534	blue
K09810	blue
K03608	blue
K01464	blue
K07042	blue
K13927	blue
C16466	blue
C05290	yellow
C05527	blue
K01560	blue
C00239	yellow
C21153	blue
C01557	yellow
K02033	blue
K08315	blue
C12136	yellow
K22227	blue
K13280	blue
C17017	blue
C00134	green
C00402	blue
C00010	blue
K06396	blue
K01082	blue
K02518	blue
K10805	blue
C01151	blue
C04732	blue
C00350	blue
C04631	blue
K03727	blue
K12267	blue
C00407	yellow
K03282	blue
C15973	blue
K00847	blue
C20836	blue
K03218	blue
K07278	blue
K11708	blue
K00765	blue
K22432	blue
C00455	blue
K01449	blue
K02002	blue
C08652	yellow
C00105	green
C07481	yellow
K20885	blue
K22116	blue
K02914	blue
K02888	blue
C02527	blue
C00858	yellow
K01805	blue
C02714	blue
K02818	blue
C02964	blue
K00864	blue
K20345	blue
C00117	blue
K02858	blue
K06890	blue
C07838	blue
K02687	blue
K08303	blue
G10557	blue
K07114	blue
C18237	blue
C18096	blue
K01626	blue
C02862	yellow
K02793	blue
K01239	blue
K08641	blue
C05627	blue
K14188	blue
K00172	blue
C02988	blue
C00399	blue
C06032	blue
K01442	blue
C05768	blue
K16140	blue
C05754	blue
C02495	yellow
K09384	blue
K01712	blue
C20752	blue
K06213	blue
K02409	blue
K14540	blue
C16526	yellow
K20461	blue
C00018	blue
K03628	blue
C04778	blue
C11049	yellow
C16237	blue
C01101	blue
C04377	blue
K21063	blue
K05825	blue
K03694	blue
K03079	blue
K01278	blue
K02029	blue
K13497	blue
C12298	yellow
K09457	blue
K06167	blue
K03387	blue
C00361	green
K02114	blue
C00498	blue
K01095	blue
C00951	yellow
K19701	blue
C16698	blue
K02529	blue
K07718	blue
K12511	blue
K01910	blue
C05141	yellow
K00048	blue
K15553	blue
K00748	blue
K03316	blue
K01916	blue
C00473	green
C05433	yellow
K03787	blue
K02471	blue
K03100	blue
K01613	blue
K03614	blue
K16089	blue
K03168	blue
C03127	blue
C16537	yellow
C01132	blue
K06915	blue
K04772	blue
K04485	blue
K13049	blue
C00683	blue
C22438	blue
K05881	blue
K06937	blue
C01118	blue
K02113	blue
K06284	blue
K00097	blue
K09955	blue
K03292	blue
K12974	blue
C20858	blue
C05824	blue
K02483	blue
K03306	blue
K07089	blue
K15583	blue
K11312	blue
K16363	blue
K05571	blue
K03469	blue
K13038	blue
K01079	blue
K19971	blue
C00039	blue
K07271	blue
C02051	blue
K13570	blue
C01176	blue
C04233	blue
K02355	blue
K03269	blue
K04067	blue
C01641	blue
C06503	blue
C03363	blue
K06165	blue
K02800	blue
K19956	blue
K02003	blue
K02956	blue
C11481	blue
C13861	yellow
K01715	blue
C11404	blue
C06128	blue
K02899	blue
K06399	blue
K01703	blue
K09121	blue
K03704	blue
C03375	blue
K00045	blue
K01903	blue
K01893	blue
C04462	blue
C00037	green
C04287	blue
K00005	blue
K06397	blue
K03645	blue
K02069	blue
C00231	blue
C00647	blue
K02909	blue
K14445	blue
K03410	blue
K06861	blue
C00704	blue
C00329	yellow
C03294	blue
C01180	yellow
K00625	blue
C01187	blue
C05851	yellow
K01934	blue
K22477	blue
K00897	blue
C02465	yellow
K02948	blue
C18796	blue
C04294	green
K08223	blue
C01345	blue
K01812	blue
K02071	blue
K03088	blue
K03637	blue
C21152	blue
C05640	blue
K02904	blue
C00385	green
K07259	blue
C01096	blue
C04582	blue
C00829	yellow
C02946	blue
K03778	blue
C08316	yellow
K15396	blue
C05396	blue
K05816	blue
K00004	blue
C02702	blue
C06251	blue
K03698	blue
C05335	blue
C04006	blue
C19745	blue
K09767	blue
K07166	blue
K01784	blue
K01235	blue
C01424	yellow
K01744	blue
K05919	blue
K09789	blue
K01191	blue
K00290	blue
K01156	blue
K01192	blue
C00069	blue
K03177	blue
K03741	blue
K06173	blue
K01778	blue
C20641	blue
K01590	blue
C00475	green
K01507	blue
K01818	blue
K07056	blue
C20751	blue
C02163	blue
C02282	blue
K00196	blue
C16631	blue
K08998	blue
K01918	blue
C02741	blue
C00120	blue
K09825	blue
K03564	blue
K02057	blue
K06148	blue
C00582	blue
C15547	blue
K22736	blue
K02548	blue
K00036	blue
K02558	blue
K03521	blue
K06919	blue
C00092	blue
K02018	blue
K04096	blue
K05606	blue
K03043	blue
K11924	blue
K05934	blue
C20769	blue
K02527	blue
K03820	blue
K01046	blue
K07043	blue
C01045	blue
C00169	blue
C00380	green
K06406	blue
C00369	blue
C06311	blue
K11069	blue
K07095	blue
C06423	green
K07735	blue
K03711	blue
K03696	blue
K04062	blue
K01523	blue
K08306	blue
C20796	blue
C04832	blue
C11436	blue
K01153	blue
C01528	blue
C01037	blue
K03488	blue
K02528	blue
C05753	blue
C21462	blue
K09748	blue
K20342	blue
C01561	yellow
K02563	blue
K04757	blue
K00215	blue
K00881	blue
K02238	blue
K00177	blue
K07444	blue
C01898	blue
C06157	blue
K04651	blue
K00558	blue
K07014	blue
C00663	blue
K15460	blue
C06614	blue
C00103	blue
C11420	blue
C01755	blue
K03150	blue
C00181	yellow
C01933	yellow
K06176	blue
K07173	blue
K02890	blue
K01588	blue
C00061	blue
K01905	blue
K03734	blue
K03590	blue
K04041	blue
K00286	blue
K01462	blue
C06188	blue
C05758	blue
K03321	blue
K03449	blue
K01092	blue
K01572	blue
K07015	blue
K00969	blue
K03273	blue
K08217	blue
K06131	blue
K09124	blue
C00521	yellow
K03502	blue
C00330	blue
K00128	blue
C01131	blue
K07045	blue
C01673	yellow
C00843	yellow
K00790	blue
K06958	blue
K08168	blue
K07035	blue
C11542	blue
K02005	blue
K12573	blue
K12960	blue
C16565	blue
C17148	yellow
K04763	blue
C00249	green
K01195	blue
C00198	blue
K03270	blue
K03315	blue
C03345	blue
C03508	blue
K01609	blue
C06408	blue
K09936	blue
K04487	blue
K09895	blue
K01704	blue
C04442	blue
C02995	blue
K06904	blue
K16950	blue
K01775	blue
K16789	blue
K02759	blue
K15598	blue
K06041	blue
K06320	blue
K02051	blue
K07040	blue
C16551	blue
K03486	blue
C04623	yellow
K04031	blue
K19119	blue
K09692	blue
C06224	blue
K07497	blue
C06098	yellow
K09903	blue
C21749	blue
K01058	blue
K02112	blue
K18997	blue
C00409	blue
K00248	blue
C00780	yellow
K04088	blue
K00703	blue
K09761	blue
K07334	blue
C17213	blue
K00684	blue
C00355	yellow
K00805	blue
K03563	blue
C01367	blue
C02504	blue
K01804	blue
K07006	blue
C00804	blue
K00065	blue
K02437	blue
K01926	blue
C01885	blue
K22994	blue
K06217	blue
K09775	blue
K10563	blue
C02415	blue
K00113	blue
K02525	blue
K07096	blue
C02338	blue
K00057	blue
C00811	yellow
K22901	blue
K01487	blue
K06133	blue
K02919	blue
K17319	blue
C00079	blue
K01792	blue
C05441	yellow
K04029	blue
C02336	blue
C00167	blue
K00283	blue
C04824	blue
K00560	blue
K01491	blue
C15812	blue
C03341	blue
G13200	blue
K01026	blue
K00425	blue
K14652	blue
K02053	blue
K22230	blue
C01674	blue
K02968	blue
C19846	blue
C04554	blue
K01208	blue
K09940	blue
K16850	blue
K11184	blue
C00741	blue
K06295	blue
K03561	blue
C00593	blue
C01352	blue
C00161	blue
K01524	blue
K01835	blue
K05844	blue
C20248	blue
K02190	blue
K06907	blue
K01438	blue
C06187	blue
K01595	blue
K02911	blue
K00526	blue
C21995	blue
K13747	blue
K02556	blue
C06506	blue
K09155	blue
K00564	blue
C00417	blue
C06407	blue
K00860	blue
K02477	blue
K00878	blue
K00990	blue
K02169	blue
K02838	blue
K03803	blue
K02796	blue
K14415	blue
C00267	blue
C05810	blue
C10190	yellow
C22155	blue
K03613	blue
K09702	blue
K03555	blue
K02810	blue
C05759	blue
K11070	blue
K05593	blue
K02824	blue
C16238	blue
K03495	blue
K02338	blue
K07727	blue
K03671	blue
K07588	blue
K01714	blue
K03723	blue
C01500	yellow
K13677	blue
K02823	blue
K23003	blue
C05696	blue
K07816	blue
C04483	blue
K22900	blue
C02962	blue
K01548	blue
K18979	blue
C07534	yellow
K01881	blue
K03205	blue
K03426	blue
K03816	blue
K19506	blue
C01494	yellow
C02637	blue
K03801	blue
K04517	blue
K00854	blue
K02028	blue
K00954	blue
K01640	blue
K03665	blue
K00891	blue
K15533	blue
K03750	blue
K00797	blue
K02653	blue
C06567	blue
K09911	blue
K09811	blue
K02067	blue
K02068	blue
K09167	blue
K18332	blue
K02913	blue
C17212	blue
K02946	blue
K00655	blue
K03526	blue
C00463	blue
K02552	blue
K00171	blue
K01752	blue
K02405	blue
K00759	blue
K03402	blue
C20758	blue
K07713	blue
C05623	green
C00885	blue
K16087	blue
K03149	blue
K01206	blue
K16209	blue
K09747	blue
C00162	blue
K18330	blue
K13694	blue
C06006	blue
C04188	blue
C00207	blue
K01567	blue
K03148	blue
K03113	blue
K01589	blue
K02777	blue
C18910	blue
C20958	blue
K02407	blue
K02907	blue
K00184	blue
K00287	blue
K09779	blue
K14731	blue
K01750	blue
C04246	blue
C00525	yellow
K03827	blue
C01594	yellow
K00331	blue
K08299	blue
K10206	blue
C03242	yellow
K00567	blue
K03214	blue
K06959	blue
K15584	blue
C00179	green
K12574	blue
K02014	blue
K03976	blue
K02795	blue
K06333	blue
C00077	green
K02031	blue
K01051	blue
K13953	blue
C00441	blue
C03862	blue
K03187	blue
C03453	blue
C00246	green
K01358	blue
K06023	blue
K02392	blue
K03584	blue
K19411	blue
K07075	blue
C02097	blue
C08362	yellow
K11751	blue
C09880	yellow
K00366	blue
K10907	blue
K07113	blue
K07220	blue
K08325	blue
K19405	blue
K02970	blue
C20378	blue
C00086	blue
K12978	blue
C06428	yellow
K16052	blue
K07058	blue
K12510	blue
K02009	blue
K01214	blue
C19871	blue
C01097	blue
C03344	blue
K01147	blue
C01635	blue
K03932	blue
K04061	blue
K18640	blue
C03838	blue
C01117	blue
K21557	blue
G13118	blue
K09894	blue
K03833	blue
K02078	blue
C06056	blue
C06394	yellow
K05567	blue
K09009	blue
K11749	blue
C00446	blue
K01919	blue
K02413	blue
K20492	blue
K11381	blue
C03125	blue
C01113	blue
K01057	blue
K02420	blue
C01212	blue
K03798	blue
K07048	blue
C02679	green
K06408	blue
C00681	blue
K14654	blue
C00178	green
C00024	blue
C00512	blue
K08744	blue
K08384	blue
K02622	blue
K03621	blue
K01915	blue
K02110	blue
K01277	blue
C00905	blue
K02433	blue
K00997	blue
K03296	blue
C05922	blue
K03594	blue
C01419	blue
K05340	blue
K01890	blue
K18840	blue
C04751	blue
K02587	blue
K07029	blue
C02188	blue
C01802	yellow
C04666	blue
K14392	blue
K05989	blue
K08296	blue
K03536	blue
K12218	blue
K01008	blue
K00782	blue
K02040	blue
K00674	blue
K03525	blue
K19068	blue
K09704	blue
K10947	blue
C06891	blue
K00164	blue
K19309	blue
C05688	green
K03077	blue
K09951	blue
K01081	blue
C00089	green
C00221	blue
K03303	blue
K08297	blue
C19770	blue
C03758	yellow
K18955	blue
K07503	blue
K03684	blue
C00721	blue
K02439	blue
C20251	blue
C16309	yellow
C16219	blue
C05394	blue
K14205	blue
C00689	blue
C04574	blue
C20246	blue
C05698	blue
K03517	blue
K07192	blue
C01949	yellow
K03767	blue
K00978	blue
K06117	blue
K02839	blue
K00324	blue
C00861	blue
K01246	blue
K01924	blue
K04082	blue
C00148	green
K00040	blue
K02283	blue
C04230	blue
K01892	blue
C20376	blue
K00259	blue
K00278	blue
K08153	blue
K02361	blue
K03797	blue
C16338	blue
C21214	blue
K14441	blue
C06755	blue
K10009	blue
K14761	blue
K01678	blue
K14982	blue
C15979	blue
C00454	blue
C21955	blue
K09790	blue
C20375	blue
C01601	yellow
K03642	blue
K06283	blue
C00144	green
K07533	blue
K05813	blue
K15725	blue
C02001	yellow
C21008	blue
C04157	blue
C00065	green
K10823	blue
K03648	blue
K04564	blue
C04916	blue
K07263	blue
C05445	blue
K01533	blue
C15777	yellow
K00179	blue
K13378	blue
K16925	blue
K03708	blue
K01489	blue
K00068	blue
K02109	blue
K07106	blue
K01495	blue
C01595	green
K02769	blue
C04419	blue
K00325	blue
K03762	blue
K11733	blue
K09791	blue
K01739	blue
C00160	blue
K22278	blue
K02662	blue
C15980	blue
K06012	blue
C01290	blue
C07836	blue
K06193	blue
K07406	blue
C00319	blue
K02052	blue
C21440	blue
C05377	yellow
K02013	blue
C00170	blue
C00008	green
C14153	yellow
K01633	blue
K02050	blue
K18349	blue
K01241	blue
K02757	blue
K11927	blue
K19265	blue
C04570	blue
C11417	blue
K03106	blue
K03565	blue
K06928	blue
C14079	yellow
K01118	blue
K01201	blue
K09015	blue
C19848	blue
K00857	blue
C01888	blue
K09921	blue
C01177	blue
K03188	blue
K03589	blue
K16936	blue
K00633	blue
K00945	blue
K01586	blue
K22010	blue
C00341	green
K02232	blue
K05601	blue
C05379	blue
C06481	blue
C05775	blue
K02055	blue
C03722	blue
K10008	blue
C02463	blue
K18891	blue
C04317	blue
K01770	blue
K06908	blue
K06871	blue
C00257	yellow
K01520	blue
C22159	blue
K06879	blue
K00600	blue
C15667	blue
K03406	blue
K02446	blue
C17231	blue
C00860	blue
K08681	blue
K07484	blue
K12137	blue
C03912	blue
K03581	blue
K02778	blue
K07586	blue
K13626	blue
C06365	blue
K06183	blue
C00186	blue
K02551	blue
C06201	blue
K02493	blue
K16511	blue
K20074	blue
K04072	blue
K16926	blue
C05763	blue
C06376	blue
C20062	blue
C00620	blue
C01499	yellow
C02198	yellow
K07175	blue
C00286	green
C19880	blue
K03783	blue
K07668	blue
K02836	blue
K06199	blue
C05946	blue
K00147	blue
C00060	blue
K03739	blue
C00974	yellow
K09797	blue
K03498	blue
K09939	blue
C00931	blue
K00793	blue
K02065	blue
K07706	blue
C16273	blue
C03406	blue
K10763	blue
C02659	blue
C00189	green
K11181	blue
K18475	blue
K03629	blue
C06398	blue
K17758	blue
K01478	blue
K02081	blue
K15585	blue
C00881	green
C00445	blue
C21751	blue
C03167	blue
K05936	blue
C01242	blue
C00488	blue
K01150	blue
K01811	blue
K14170	blue
C06112	blue
K02237	blue
K03090	blue
K21993	blue
K02429	blue
K05845	blue
K00948	blue
K06897	blue
K06989	blue
C02686	blue
K06877	blue
K00962	blue
K01932	blue
C00415	blue
K02015	blue
K04486	blue
C22160	blue
K07105	blue
C14818	blue
K00641	blue
K02886	blue
C00043	blue
C00083	blue
K03771	blue
K00075	blue
C17227	blue
C00015	green
K02794	blue
K01372	blue
K01173	blue
K03763	blue
K21567	blue
K06859	blue
K06411	blue
C00327	green
C00672	blue
C00423	yellow
C03892	blue
K03546	blue
K00950	blue
K00813	blue
K05346	blue
C00309	blue
K02337	blue
K01902	blue
K02470	blue
K04518	blue
K20534	blue
K09816	blue
K20488	blue
K08307	blue
K02356	blue
C01269	blue
C01744	blue
K03632	blue
K15554	blue
C00294	blue
K02435	blue
K01749	blue
C20755	blue
C05894	blue
K02412	blue
C06575	yellow
K00820	blue
C02442	yellow
K00767	blue
K00984	blue
C14819	blue
C04851	blue
K01577	blue
C05608	yellow
K04794	blue
K03701	blue
K03892	blue
C06054	blue
C02261	yellow
K02056	blue
K01870	blue
K03475	blue
K09474	blue
K01262	blue
K07122	blue
C02537	yellow
K00002	blue
K01163	blue
K02874	blue
K02042	blue
C00282	blue
K09766	blue
C15495	blue
C03405	blue
K02346	blue
K06379	blue
C01355	blue
K01889	blue
K01996	blue
C01530	yellow
C05402	green
K12992	blue
K00133	blue
C03150	blue
C02920	yellow
C07480	yellow
K01205	blue
K02749	blue
K03924	blue
K06407	blue
K01814	blue
K03635	blue
G00092	blue
K07405	blue
C05750	blue
K03300	blue
K05786	blue
C05265	blue
K00330	blue
C06148	blue
K14155	blue
K15599	blue
K00606	blue
C16400	blue
K00800	blue
C20451	blue
K00764	blue
K16248	blue
K00557	blue
C22501	blue
K09910	blue
K17723	blue
C17715	yellow
K00986	blue
K07646	blue
C01102	blue
K03651	blue
G10555	blue
K04477	blue
C00208	blue
K01531	blue
C00356	blue
K07321	blue
C06114	blue
K06956	blue
K00528	blue
K03611	blue
K00819	blue
K00209	blue
K01788	blue
C06320	blue
K00029	blue
K03470	blue
K07397	blue
K01710	blue
C12455	blue
K02203	blue
K01808	blue
K19802	blue
C12307	yellow
K01273	blue
K06188	blue
K02421	blue
C19771	blue
K00058	blue
K01878	blue
K12213	blue
K07636	blue
K01876	blue
K02961	blue
C01230	yellow
K09768	blue
K00760	blue
K00339	blue
K03060	blue
C00615	blue
C19878	blue
K02709	blue
K05952	blue
K18014	blue
G13039	blue
K07137	blue
K01887	blue
K02669	blue
K06177	blue
K09163	blue
C15556	blue
K02654	blue
C00087	yellow
C01598	yellow
K10118	blue
C01083	blue
K08218	blue
C02356	yellow
K01706	blue
K02469	blue
C16615	blue
K10440	blue
K02564	blue
K06016	blue
C08281	yellow
K01006	blue
K03281	blue
K03439	blue
K03534	blue
K06207	blue
K08316	blue
C03287	blue
K04758	blue
C01157	yellow
C04646	blue
K03453	blue
C00071	blue
K05837	blue
K01581	blue
K01215	blue
K16053	blue
C04144	blue
K03923	blue
K04761	blue
K14588	blue
C01080	blue
K01470	blue
C00576	blue
K05879	blue
C00139	blue
K08300	blue
K18682	blue
K06403	blue
K11527	blue
K02573	blue
C21879	blue
C19723	blue
K02241	blue
C05235	blue
K04655	blue
C00332	blue
K17992	blue
C00190	blue
K15051	blue
K20373	blue
K22906	blue
K02082	blue
K02530	blue
K17234	blue
C20863	blue
C00957	blue
C03373	blue
K07023	blue
C00004	blue
C20345	blue
K10806	blue
K01424	blue
K03272	blue
K10540	blue
C00222	blue
K05337	blue
K13016	blue
K00946	blue
K07736	blue
K14086	blue
K00348	blue
K02994	blue
K03427	blue
K00865	blue
K21469	blue
C02269	blue
K01129	blue
K02380	blue
K00337	blue
C00031	green
K01787	blue
C02133	blue
C00667	blue
C04152	blue
K16898	blue
K01735	blue
K01886	blue
K03367	blue
K15372	blue
C08285	yellow
K07149	blue
C03017	yellow
K16264	blue
K02371	blue
K02124	blue
C15814	blue
K07464	blue
K14056	blue
K01761	blue
K07062	blue
C07479	blue
K05799	blue
K07793	blue
C05744	blue
K03078	blue
K06398	blue
K03786	blue
K14742	blue
C01172	blue
K21071	blue
C15783	yellow
K08281	blue
K15580	blue
K02410	blue
C03028	blue
K07258	blue
K00245	blue
K11144	blue
C02835	blue
K16323	blue
K03773	blue
K18122	blue
C00798	blue
C21387	blue
K03630	blue
C00094	blue
K03389	blue
K00656	blue
K02017	blue
K19158	blue
C05773	blue
C03175	blue
K00563	blue
K01591	blue
C05924	blue
K00127	blue
K04075	blue
C10107	yellow
K00773	blue
K02428	blue
C11133	yellow
C00030	blue
K15923	blue
C14155	yellow
C00363	green
K00930	blue
K03612	blue
K12203	blue
C09306	blue
K01785	blue
K04516	blue
C00003	blue
C21113	blue
K03046	blue
C03431	blue
K01580	blue
K07751	blue
K09930	blue
C19882	blue
K02054	blue
K17235	blue
K01534	blue
C00129	green
C00219	green
C16236	blue
K02316	blue
C02642	blue
C00390	blue
K00016	blue
K01759	blue
C02839	blue
K20904	blue
C16221	blue
C00199	blue
K18785	blue
C00354	blue
C02631	blue
C11062	blue
K03471	blue
C00685	blue
C00899	yellow
K12986	blue
K00346	blue
K00634	blue
K22373	blue
K04488	blue
C00299	green
K05592	blue
K09973	blue
K08369	blue
C05748	blue
K01579	blue
K02819	blue
C01935	blue
C00882	blue
C00794	blue
K07091	blue
K06393	blue
K01810	blue
K06894	blue
K07481	blue
K08602	blue
C02059	yellow
K00833	blue
K00647	blue
K01802	blue
K06412	blue
G13060	blue
C12739	blue
C04376	blue
C19673	blue
C03741	blue
K00661	blue
K01224	blue
K07005	blue
C16186	blue
C14099	blue
C10453	yellow
K01939	blue
K07351	blue
K10192	blue
K01737	blue
C05711	blue
K06381	blue
K02016	blue
K01443	blue
K02996	blue
K03312	blue
K07741	blue
K01989	blue
K00757	blue
G13164	blue
K14534	blue
K19225	blue
K07652	blue
K11382	blue
C00119	blue
C05686	blue
C01004	yellow
K01685	blue
K09861	blue
K21572	blue
K19508	blue
C04640	blue
K02342	blue
C09727	yellow
K00241	blue
K11145	blue
K06893	blue
C10486	yellow
C05528	blue
C05635	blue
K03841	blue
K00395	blue
K02879	blue
C05809	blue
C04752	blue
K01885	blue
C00295	blue
K19997	blue
K14055	blue
K21681	blue
K09691	blue
C20237	blue
C07086	blue
C05312	blue
K00610	blue
K10112	blue
K06187	blue
K04773	blue
K01667	blue
K15600	blue
C02232	blue
K03183	blue
K00012	blue
K09807	blue
K00554	blue
C00864	blue
K04084	blue
C00127	blue
C16348	blue
C02985	blue
K09118	blue
K12524	blue
C02876	blue
K06384	blue
K15342	blue
K02834	blue
K07443	blue
K01819	blue
K00185	blue
K00651	blue
K04028	blue
K02600	blue
C06213	yellow
C00263	yellow
K02798	blue
K09808	blue
K03585	blue
K02863	blue
K06383	blue
K14260	blue
K01677	blue
C00645	blue
C03272	blue
K01610	blue
K00001	blue
K02341	blue
K03789	blue
C06399	blue
K06168	blue
K07240	blue
C20258	blue
C00666	blue
C01120	yellow
K12339	blue
K00533	blue
C18239	blue
C20658	blue
C00671	blue
C00227	blue
C15813	blue
K03324	blue
K01914	blue
K00931	blue
C06427	green
K04069	blue
C20676	blue
K04014	blue
C11437	blue
K03705	blue
K17759	blue
K00981	blue
K02860	blue
K00105	blue
K02019	blue
K08191	blue
K09117	blue
C14151	yellow
K02835	blue
K02950	blue
K03573	blue
K05878	blue
K08311	blue
K19055	blue
K14591	blue
C03692	blue
C06613	blue
K06156	blue
K06949	blue
K00571	blue
K00859	blue
K06218	blue
C00740	yellow
K02242	blue
C04425	blue
K07221	blue
C00096	blue
C22151	blue
K02231	blue
K07490	blue
C01286	blue
C01165	blue
K01925	blue
K04748	blue
K01875	blue
K02851	blue
G00317	blue
C09900	yellow
K00003	blue
K03615	blue
K17733	blue
K01119	blue
C21386	blue
K02952	blue
K10439	blue
K13829	blue
K00912	blue
K04079	blue
K06024	blue
K13963	blue
K20490	blue
C02737	blue
C19847	blue
K02198	blue
K07124	blue
C20748	blue
K02123	blue
K05942	blue
C02162	yellow
G13167	blue
K16345	blue
C05756	blue
K07025	blue
K07082	blue
K06438	blue
G10008	blue
C05712	blue
K02244	blue
K07461	blue
C05903	yellow
K02523	blue
C20906	blue
K03839	blue
C09099	blue
K01866	blue
C00112	green
C00121	green
K01962	blue
K03076	blue
K19166	blue
C00217	blue
K01599	blue
K01069	blue
C00009	blue
K07148	blue
K00626	blue
C16832	blue
K02614	blue
C04702	blue
K08600	blue
C02047	blue
K07001	blue
K03424	blue
K03548	blue
K01776	blue
K01662	blue
C21851	blue
K00246	blue
K02047	blue
K08678	blue
K05589	blue
K11050	blue
K00917	blue
C16220	blue
K01807	blue
K06416	blue
K01179	blue
C00509	green
K02426	blue
C01335	blue
C00507	yellow
C02593	yellow
K00848	blue
K03294	blue
K17318	blue
K09925	blue
C01645	blue
K00175	blue
C05974	blue
K02526	blue
C00398	yellow
K15738	blue
K06603	blue
C17549	blue
K06334	blue
K08986	blue
K09999	blue
K19116	blue
K00335	blue
K03737	blue
K06143	blue
K01880	blue
C17217	blue
K16328	blue
K17320	blue
C05844	blue
K21140	blue
K02779	blue
K03625	blue
C20861	blue
K01657	blue
K06920	blue
C21334	blue
K00798	blue
K01104	blue
K02440	blue
C00126	blue
K03709	blue
K06970	blue
C03511	blue
C11039	blue
C17639	yellow
C14536	yellow
C00836	yellow
K16212	blue
C01330	blue
C06103	blue
K03415	blue
K13052	blue
K16868	blue
K06442	blue
K21602	blue
K00015	blue
K15724	blue
K02038	blue
C05261	blue
C20753	blue
K03631	blue
K03522	blue
K09698	blue
C15809	blue
K08282	blue
K18929	blue
C00013	blue
C00108	blue
C00053	blue
C04652	blue
C10084	yellow
K07085	blue
K07126	blue
K15527	blue
K19310	blue
K02197	blue
K03437	blue
K16927	blue
C04635	blue
K00941	blue
K01409	blue
K19509	blue
K12209	blue
K03650	blue
C00116	green
K12240	blue
C04573	blue
C00526	green
C00242	green
K00355	blue
K01652	blue
K03442	blue
K01961	blue
C00052	blue
K15977	blue
C00470	blue
K19577	blue
C00311	blue
K06940	blue
K06610	blue
C00118	blue
C09731	yellow
K19157	blue
K07224	blue
K16509	blue
K01673	blue
K07460	blue
K01995	blue
K02119	blue
C16634	blue
K02160	blue
K06921	blue
K08999	blue
C00357	blue
K15722	blue
C16596	blue
K06113	blue
K00882	blue
K03742	blue
C00084	blue
K01066	blue
K09001	blue
K00046	blue
K01790	blue
K03980	blue
K00334	blue
K16881	blue
C08647	yellow
K20444	blue
K02397	blue
K01077	blue
K15770	blue
K19049	blue
K02010	blue
K15555	blue
K02103	blue
K03571	blue
K03609	blue
K04759	blue
K03326	blue
K02799	blue
K03826	blue
C21461	blue
K00547	blue
K00763	blue
K01956	blue
K02171	blue
K19955	blue
K02418	blue
K05343	blue
K07074	blue
C00251	blue
C21873	blue
K00929	blue
K08974	blue
K09125	blue
K02959	blue
K03733	blue
C00011	blue
K18220	blue
K00262	blue
K01997	blue
C00236	blue
C02612	blue
C00693	blue
K00208	blue
C00163	yellow
K13654	blue
K17331	blue
K09824	blue
C00984	blue
K00609	blue
K00995	blue
K08993	blue
K00108	blue
C05993	blue
C01752	yellow
K00858	blue
C05840	blue
K03040	blue
K03743	blue
K04056	blue
K10254	blue
C21015	blue
C20236	blue
K01624	blue
C12248	blue
K12205	blue
C18055	blue
K03697	blue
K09760	blue
K03154	blue
K07566	blue
K03518	blue
C04494	blue
C01962	blue
C00954	green
K03531	blue
K02108	blue
K04653	blue
K02427	blue
K07030	blue
C01304	blue
K06966	blue
K00556	blue
C02992	blue
K02419	blue
K07034	blue
C05199	blue
C05259	blue
K03769	blue
K02768	blue
K01421	blue
C00032	blue
K13640	blue
C11472	blue
C04730	blue
K09793	blue
K16692	blue
K07171	blue
K02990	blue
K03835	blue
K04043	blue
K16066	blue
C00345	blue
K03048	blue
K03706	blue
C03089	blue
C00810	blue
K01479	blue
K01791	blue
K07507	blue
C00109	green
K02506	blue
K05807	blue
C05382	blue
K03831	blue
C00353	green
C00256	blue
K05520	blue
K01187	blue
K20118	blue
K02906	blue
K19780	blue
K03388	blue
C20373	blue
C04501	blue
C03539	blue
K14988	blue
K12140	blue
K00851	blue
C00785	blue
K01419	blue
C01268	blue
C01181	blue
C00300	blue
C00100	blue
K02744	blue
K00341	blue
K03654	blue
K05539	blue
C04534	blue
K00067	blue
K00158	blue
K00350	blue
K18928	blue
K03523	blue
C00138	blue
K04567	blue
K07576	blue
K01779	blue
K18345	blue
K04070	blue
K02916	blue
K01953	blue
C03871	blue
K06987	blue
K00009	blue
K02111	blue
K02770	blue
K03496	blue
C01236	blue
C06250	blue
K13652	blue
K13954	blue
C00894	blue
K02781	blue
K03851	blue
K01696	blue
K05985	blue
K04762	blue
K06952	blue
C21999	blue
K03559	blue
K04094	blue
C03506	blue
C05577	blue
C21101	blue
K01297	blue
C15602	blue
C06364	blue
K10441	blue
K02037	blue
K01754	blue
C00459	green
C00201	blue
K08289	blue
C00378	green
K00883	blue
C16502	blue
C05796	blue
K01299	blue
K02519	blue
C16618	blue
C00133	blue
K03092	blue
K17214	blue
K00874	blue
K02058	blue
C00122	blue
C04807	blue
K03583	blue
K00349	blue
C00143	blue
C22412	blue
C11540	blue
K00375	blue
K07391	blue
C00921	blue
K09680	blue
C00944	blue
C00184	green
K01813	blue
K17076	blue
C00555	blue
K01200	blue
K18011	blue
K00169	blue
C05746	blue
C09305	yellow
C21861	blue
C03921	blue
C06615	blue
K03116	blue
C03742	blue
C22443	blue
K01155	blue
K07742	blue
K11189	blue
K02041	blue
K10117	blue
K15726	blue
K02881	blue
K03596	blue
K01304	blue
K02610	blue
K03977	blue
K07335	blue
C00146	blue
C08262	yellow
K16235	blue
C06397	blue
C09263	yellow
K03668	blue
K02843	blue
K00602	blue
C05223	blue
C21767	blue
K10119	blue
C22502	blue
K03775	blue
K08963	blue
K12343	blue
C00080	blue
C01633	yellow
C02528	blue
C16587	blue
K06373	blue
K06866	blue
K00926	blue
C19609	blue
K21814	blue
K21929	blue
K01955	blue
K01255	blue
K02389	blue
K09946	blue
C06547	blue
C06199	yellow
K00975	blue
C05893	blue
K02902	blue
K12368	blue
C00366	blue
G01391	blue
K03572	blue
K08323	blue
C19647	blue
K03110	blue
K03221	blue
C05381	blue
K02892	blue
C00460	green
K02817	blue
K07219	blue
K02686	blue
K07469	blue
K02445	blue
K05351	blue
K07322	blue
K22044	blue
C05898	blue
C00424	blue
K03411	blue
K20491	blue
K07574	blue
K12942	blue
C00136	blue
C00081	blue
K10188	blue
C02554	blue
K03313	blue
K01218	blue
K00615	blue
C15974	blue
K01448	blue
K01183	blue
K01537	blue
C06577	yellow
C00097	green
C04404	blue
C01585	yellow
C02987	blue
C07335	blue
K03688	blue
K07002	blue
C16244	blue
C17401	blue
K09762	blue
K00691	blue
K08222	blue
K00145	blue
K14983	blue
K15581	blue
K07407	blue
K04092	blue
K07568	blue
C01219	blue
C21463	blue
K01515	blue
K06223	blue
K18139	blue
K01653	blue
C00014	blue
C21485	blue
K02520	blue
C01931	blue
K02226	blue
K03554	blue
C00262	green
K11041	blue
K02004	blue
C00519	blue
K07237	blue
K09899	blue
C00054	blue
K00027	blue
K15986	blue
K12251	blue
K03790	blue
K01950	blue
K20265	blue
K18138	blue
C00669	blue
C02084	blue
K00853	blue
K02072	blue
C15810	blue
K14058	blue
K15633	blue
C00074	blue
C01189	yellow
K14088	blue
C15930	blue
C00006	blue
C00212	green
K01494	blue
K06215	blue
K01734	blue
K04769	blue
K09022	blue
C02315	blue
C20238	blue
C00026	blue
C01735	yellow
C00123	yellow
C00814	yellow
K01874	blue
K21742	blue
K04026	blue
K00979	blue
K02837	blue
C15978	blue
K18830	blue
C00322	blue
K09815	blue
K11754	blue
C06416	blue
K03735	blue
K00374	blue
K08978	blue
C00536	blue
C05850	blue
C11435	blue
K20116	blue
K18672	blue
K02652	blue
K01627	blue
C00644	blue
K00928	blue
C00535	green
C00020	green
C01170	blue
K01546	blue
C03232	blue
K07139	blue
K10189	blue
C00673	blue
C11173	blue
C00016	blue
C08606	yellow
C04932	blue
K03855	blue
K03592	blue
K12981	blue
K13993	blue
C15603	blue
K02431	blue
C15977	blue
K02395	blue
K06392	blue
C05336	blue
K04068	blue
C00062	green
G13180	blue
K07121	blue
C03512	blue
C00055	green
K01751	blue
C03794	blue
K03473	blue
K03667	blue
K06999	blue
K10710	blue
K00648	blue
K09011	blue
K03674	blue
C03785	blue
K09859	blue
K00034	blue
K02278	blue
K06997	blue
C02412	blue
K03718	blue
C04677	blue
K03327	blue
C00164	green
C02323	blue
K00845	blue
C02713	blue
C01753	yellow
C04332	blue
K21600	blue
K02066	blue
C01205	blue
K21672	blue
C08380	yellow
C16489	blue
K06147	blue
C00154	blue
K00645	blue
C00114	green
K19416	blue
K03616	blue
K00053	blue
C05897	blue
C01875	yellow
K06374	blue
C06588	yellow
K12952	blue
K03931	blue
C11453	blue
C03740	blue
C00979	blue
C04132	blue
C02170	blue
K03602	blue
C09332	blue
K00925	blue
C04823	blue
C00617	blue
C15976	blue
C00152	green
G13179	blue
C00764	blue
K09014	blue
K17716	blue
C00387	green
C15857	yellow
K04755	blue
K15532	blue
K11752	blue
K10708	blue
C02553	blue
K02117	blue
K03547	blue
C05901	yellow
K09906	blue
K03332	blue
C00153	green
K01193	blue
C15587	blue
C00857	blue
C21065	blue
K01142	blue
C04133	blue
K02931	blue
C21877	blue
C00909	yellow
C00283	blue
K09710	blue
K01840	blue
K12369	blue
C00852	yellow
K04770	blue
K11031	blue
K04771	blue
K01575	blue
K01056	blue
K03617	blue
K18331	blue
C04644	blue
K00681	blue
C05625	yellow
K01439	blue
K01937	blue
K09897	blue
K02517	blue
K00297	blue
K00958	blue
K16092	blue
C04146	green
K12206	blue
C00245	blue
K03569	blue
K03732	blue
C05437	yellow
C05145	yellow
K08984	blue
C02972	blue
C06504	blue
C02888	blue
K03568	blue
K02967	blue
C00942	yellow
C00165	blue
C04349	blue
K13788	blue
K07160	blue
K00426	blue
C04051	blue
K02601	blue
K13542	blue
K06385	blue
K01897	blue
K03811	blue
K00343	blue
K02227	blue
K02474	blue
C02430	blue
K03529	blue
K06881	blue
K06212	blue
K02217	blue
K01571	blue
K15876	blue
K06209	blue
K07099	blue
K08722	blue
K00783	blue
K03446	blue
K04343	blue
C01024	blue
C00448	green
C06563	green
K01928	blue
K21636	blue
C01267	blue
K18889	blue
K01709	blue
K01433	blue
C00461	blue
K20627	blue
K00761	blue
C21880	blue
K19271	blue
C00135	green
K06153	blue
K06972	blue
K02314	blue
K07792	blue
K00884	blue
C01051	blue
K05787	blue
K00054	blue
K07071	blue
K02503	blue
K03885	blue
K00789	blue
C03541	blue
K02574	blue
K01265	blue
K03586	blue
K03111	blue
K01186	blue
G10619	blue
C05983	blue
C00279	blue
C02477	yellow
G00177	blue
C01164	yellow
K04767	blue
K11928	blue
K00595	blue
K04656	blue
C03460	blue
K01468	blue
K02806	blue
K03560	blue
K08301	blue
K13789	blue
K22226	blue
K02745	blue
K02755	blue
C00250	green
K01620	blue
K07027	blue
K02036	blue
K01872	blue
K07146	blue
K03768	blue
C00577	blue
C00638	blue
K02786	blue
K01809	blue
K11617	blue
C11543	blue
C11638	blue
C02218	blue
K01547	blue
K06969	blue
K03186	blue
K00826	blue
K06960	blue
K07457	blue
K11741	blue
C05684	blue
K00901	blue
K03503	blue
K16169	blue
C04734	blue
K09759	blue
K02988	blue
K02750	blue
K01429	blue
C00410	blue
C16254	blue
K12290	blue
K07315	blue
K01012	blue
K01607	blue
K03458	blue
K00239	blue
C04181	blue
C00534	yellow
C05772	blue
K01911	blue
K03322	blue
C00147	green
C00388	green
K03335	blue
K03216	blue
K20460	blue
K01322	blue
K01695	blue
C01302	blue
K02621	blue
K03075	blue
K07133	blue
K02049	blue
K11529	blue
K02926	blue
C06010	blue
K17686	blue
K03740	blue
K16299	blue
K07313	blue
K03817	blue
C04281	blue
K03575	blue
K06910	blue
C00439	blue
K02457	blue
K02025	blue
K01716	blue
C00197	blue
C06240	blue
K00024	blue
K00031	blue
C09833	yellow
K03666	blue
C17556	blue
K01154	blue
K07154	blue
K02313	blue
K16785	blue
K12257	blue
C00005	blue
C00028	blue
K05895	blue
C00760	blue
K03465	blue
G00711	blue
C01300	blue
C03427	yellow
K01190	blue
K02074	blue
C03082	blue
K07003	blue
K00394	blue
K19091	blue
K02935	blue
K14274	blue
C01563	blue
C03402	blue
C21017	blue
K16211	blue
C01607	yellow
C04881	blue
K07053	blue
K05311	blue
C05161	blue
G11121	blue
K01933	blue
C04180	blue
K02509	blue
C17215	blue
K03385	blue
K16213	blue
C16334	blue
K02804	blue
K02965	blue
K08680	blue
C16361	yellow
K09922	blue
K02986	blue
K00831	blue
G13187	blue
C15972	blue
K01999	blue
K06142	blue
K00266	blue
K03558	blue
K19002	blue
C05825	blue
K12144	blue
K02895	blue
K07496	blue
K03431	blue
K09764	blue
K07090	blue
K18205	blue
K00989	blue
K01194	blue
K08659	blue
K09251	blue
C00504	blue
K11107	blue
K02803	blue
K20487	blue
C20969	blue
C04121	blue
K00087	blue
K02647	blue
K04654	blue
K17734	blue
K01644	blue
K03340	blue
C00692	blue
C22442	blue
K10542	blue
K01270	blue
K02008	blue
K00099	blue
K03553	blue
K07462	blue
C15441	yellow
K06967	blue
K01007	blue
K07570	blue
C00048	blue
K00605	blue
K07590	blue
C20395	blue
C03291	blue
K07118	blue
K07316	blue
K01689	blue
K00872	blue
K01295	blue
K03179	blue
K10716	blue
C14899	blue
C10172	yellow
C08320	yellow
K03707	blue
K02464	blue
K03436	blue
K00174	blue
C16633	blue
K01465	blue
K03788	blue
K01658	blue
G13171	blue
C00966	blue
C21284	blue
C12140	yellow
K07052	blue
K03524	blue
K09802	blue
K01649	blue
C05125	blue
C16535	yellow
K06201	blue
K01945	blue
K01993	blue
C01468	blue
K05803	blue
K03687	blue
K17810	blue
C01545	yellow
K03466	blue
C01142	blue
K00008	blue
K09013	blue
C00624	blue
K02864	blue
K10536	blue
K04720	blue
C00078	green
K03212	blue
C16242	blue
K08169	blue
K05838	blue
K02680	blue
C00258	blue
K07284	blue
C05631	yellow
K17236	blue
K01951	blue
K10541	blue
K00338	blue
K06911	blue
K00059	blue
K05808	blue
K19118	blue
K08679	blue
K00566	blue
K03722	blue
K08961	blue
C06075	yellow
K12554	blue
K01250	blue
K04751	blue
C00093	blue
K11105	blue
C01368	blue
K00880	blue
K01963	blue
K06942	blue
C00059	blue
K02584	blue
K01639	blue
K08309	blue
C00101	blue
K00525	blue
C00546	blue
C00027	blue
C00266	blue
C19875	blue
K00873	blue
K12506	blue
K19229	blue
K03319	blue
C01092	green
K02385	blue
K09952	blue
K02230	blue
C08650	yellow
K02585	blue
K01647	blue
K01679	blue
K07719	blue
K07657	blue
C00091	blue
K01256	blue
C00269	blue
K03274	blue
K03474	blue
K03814	blue
K15257	blue
K03781	blue
K01755	blue
K13043	blue
K00041	blue
C02325	yellow
C06113	blue
K02422	blue
C00344	blue
K07216	blue
K02046	blue
K19507	blue
C03586	blue
K05499	blue
K06387	blue
K03320	blue
K03189	blue
K01845	blue
C01909	blue
C21335	blue
C05760	blue
C18048	blue
K01952	blue
C04122	blue
K01668	blue
K01991	blue
K06901	blue
C20374	blue
C02429	blue
K01858	blue
K03549	blue
C00064	green
K00573	blue
K02666	blue
K02808	blue
K02650	blue
K03497	blue
K05823	blue
K06925	blue
K07010	blue
K07277	blue
K15772	blue
K05896	blue
C00041	green
K03772	blue
K13292	blue
C05819	blue
C00001	blue
C00438	blue
C00194	blue
C05404	blue
K07452	blue
K00768	blue
K07699	blue
C00691	blue
K00281	blue
C04039	blue
K07862	blue
K11358	blue
K05306	blue
K03595	blue
K05770	blue
K06076	blue
C12215	blue
K03856	blue
K06864	blue
C06022	blue
K02867	blue
K11065	blue
K12294	blue
K03657	blue
K00756	blue
K01783	blue
K02379	blue
K02502	blue
K08156	blue
K01736	blue
K00131	blue
K04042	blue
K00937	blue
K07783	blue
K13019	blue
K08177	blue
K11071	blue
K02007	blue
K02588	blue
K17195	blue
K05523	blue
C05923	blue
C00408	yellow
K03683	blue
K02357	blue
K03978	blue
C10788	yellow
C06118	blue
K00762	blue
C02183	blue
K02001	blue
K03664	blue
K06191	blue
K11720	blue
K02027	blue
K07729	blue
K00030	blue
C16330	blue
C11143	blue
K08989	blue
G13193	blue
C00035	green
K07238	blue
C00075	green
K06001	blue
K07088	blue
C16399	blue
K03118	blue
K06872	blue
K07301	blue
C00745	yellow
K03230	blue
K02398	blue
K02500	blue
K03438	blue
C00192	blue
K13566	blue
C14090	blue
C01769	blue
K05349	blue
K01883	blue
K03570	blue
C01077	blue
K01740	blue
C01514	yellow
C10447	blue
K02245	blue
K00104	blue
K21399	blue
K02416	blue
K19052	blue
K01803	blue
C00501	blue
C16619	blue
K00940	blue
K03633	blue
C01179	blue
K03784	blue
K03073	blue
C03733	blue
K06382	blue
C01228	blue
C11924	blue
K01251	blue
K01284	blue
K01615	blue
C20768	blue
C10112	yellow
K08159	blue
K03605	blue
K01958	blue
C01929	blue
C00334	green
K09777	blue
K00096	blue
K02107	blue
K03210	blue
K08717	blue
C01019	yellow
K06179	blue
C02934	yellow
C00789	blue
K07560	blue
K00561	blue
K00620	blue
K03394	blue
K02897	blue
K02945	blue
K18474	blue
K15771	blue
C02226	blue
K00383	blue
K00936	blue
C02745	blue
K15582	blue
C04327	blue
K17828	blue
K00134	blue
K00705	blue
K01480	blue
K02026	blue
C21178	blue
K02481	blue
C00085	blue
K12141	blue
K18707	blue
C00229	blue
K00852	blue
C04352	blue
C06024	blue
K01209	blue
K07141	blue
K02434	blue
C06424	yellow
C20933	blue
K02408	blue
C20422	blue
C00099	green
K00700	blue
K01960	blue
K00919	blue
K01733	blue
K01998	blue
K08591	blue
K18369	blue
K05595	blue
C00280	green
C06441	blue
K00384	blue
K00014	blue
K01227	blue
K03557	blue
G10553	blue
G00108	blue
K00632	blue
C03263	blue
K02756	blue
C05751	blue
K00351	blue
K03799	blue
K07031	blue
K07658	blue
K14623	blue
K03293	blue
K00991	blue
C04153	blue
C00310	blue
K00088	blue
C15996	blue
K10039	blue
K02567	blue
K09758	blue
K07584	blue
K01817	blue
K09007	blue
K03685	blue
K21556	blue
K01182	blue
K02396	blue
C04432	blue
C05951	blue
C01471	yellow
C01222	blue
C02953	blue
K00074	blue
K03785	blue
K22132	blue
C11827	blue
C00168	blue
G00093	blue
K06978	blue
K20117	blue
K07079	blue
K01643	blue
G13186	blue
K03386	blue
C21310	blue
K00124	blue
C08322	yellow
C00575	yellow
K02760	blue
K00927	blue
K07685	blue
C05822	blue
K07112	blue
C00180	blue
K07009	blue
K00616	blue
K19302	blue
K12556	blue
K03760	blue
C00641	blue
K03752	blue
K07177	blue
K21064	blue
K07164	blue
K16937	blue
C00255	green
K06391	blue
K03086	blue
K01990	blue
K04078	blue
K02746	blue
K02782	blue
K05366	blue
K20257	blue
C00040	blue
C00364	green
G13188	blue
K11784	blue
K03407	blue
K01130	blue
K03770	blue
K01089	blue
K09773	blue
C03582	yellow
K01198	blue
C06562	yellow
K03578	blue
K18344	blue
K18234	blue
C06078	yellow
C00718	blue
C00067	blue
K03753	blue
C05841	blue
C01081	blue
C14463	blue
C05512	blue
C00137	blue
K02221	blue
C00132	blue
C01712	yellow
K00537	blue
K03151	blue
K09900	blue
C01138	blue
K07402	blue
K21573	blue
K21575	blue
C05729	blue
C00631	blue
K02773	blue
K05801	blue
K03299	blue
C05378	blue
K01879	blue
C00185	blue
K04066	blue
K02655	blue
C04877	blue
K06405	blue
C00191	blue
K20344	blue
K03271	blue
K03655	blue
C05172	blue
C00482	yellow
C00679	blue
C17518	yellow
C18094	blue
K13256	blue
K01895	blue
C00558	blue
K01625	blue
C06377	blue
C03589	blue
K19779	blue
C10044	yellow
K02775	blue
K01247	blue
K02372	blue
K08302	blue
K05832	blue
K03656	blue
K06287	blue
K19510	blue
K01847	blue
K00806	blue
K03744	blue
C06074	yellow
K09458	blue
K00018	blue
K00956	blue
K07738	blue
K02805	blue
K11645	blue
C21878	blue
K06962	blue
K00640	blue
K02377	blue
K06404	blue
C00492	blue
C05726	blue
K00957	blue
K19221	blue
G09660	blue
K00868	blue
K11209	blue
K09765	blue
K21571	blue
K06149	blue
C00559	green
K00549	blue
K02724	blue
K10778	blue
C02838	yellow
K00243	blue
K09974	blue
C19085	blue
K01281	blue
K02884	blue
K07456	blue
K12373	blue
C00508	blue
K00077	blue
C00022	blue
K00677	blue
C16519	blue
K10006	blue
K05833	blue
C00531	blue
K11991	blue
C01107	blue
K06317	blue
K01151	blue
K04023	blue
C04056	yellow
K00869	blue
C09873	yellow
K01854	blue
K16153	blue
C22161	blue
K03499	blue
C00436	green
K09812	blue
K21903	blue
C08325	blue
C00793	yellow
K01305	blue
K00942	blue
K01839	blue
C12127	yellow
C02967	blue
K08724	blue
K01938	blue
K03710	blue
K01873	blue
C00342	blue
K01619	blue
K00796	blue
K00943	blue
K03451	blue
K13483	blue
K00812	blue
C00962	blue
K12204	blue
C00237	blue
C00302	blue
K02887	blue
C00095	blue
K00382	blue
K03527	blue
K09690	blue
K00598	blue
C04438	blue
G13163	blue
C09311	yellow
K01923	blue
K18471	blue
K07098	blue
C00376	green
C00343	blue
K12941	blue
K06346	blue
C02939	blue
C01190	blue
K03545	blue
K04083	blue
K09157	blue
K02343	blue
C00695	green
K03305	blue
G11160	blue
K05305	blue
C00252	blue
K05988	blue
C00887	blue
C09789	yellow
K03702	blue
C21453	blue
C00234	blue
K02224	blue
K01867	blue
C01864	yellow
C00188	green
G10665	blue
K02335	blue
K02388	blue
C00025	green
C00527	blue
K03308	blue
K07109	blue
G13061	blue
K02939	blue
K01738	blue
K03072	blue
K04019	blue
K09706	blue
K03823	blue
K07502	blue
C01134	blue
C00195	blue
C00458	green
K02954	blue
C02352	blue
K00876	blue
K02030	blue
K08364	blue
K02761	blue
K04027	blue
C11406	blue
K00766	blue
C00047	green
C03161	blue
K07404	blue
K02233	blue
C03684	blue
K17103	blue
K01000	blue
K01929	blue
K01771	blue
K03703	blue
K06973	blue
K00821	blue
K17074	blue
C00630	blue
K00265	blue
C02277	yellow
C01279	blue
K03756	blue
K02499	blue
K16924	blue
K03089	blue
C05345	blue
K01745	blue
K05367	blue
K08224	blue
G10545	blue
C00058	green
K03925	blue
C01721	blue
C03160	blue
K05822	blue
C11251	yellow
K02340	blue
K02073	blue
K01815	blue
K03660	blue
K06975	blue
C14131	yellow
C05269	blue
K04652	blue
C22441	blue
K16148	blue
C04506	blue
K13695	blue
K07286	blue
C05921	blue
C00547	yellow
C00680	blue
K03543	blue
C01346	blue
K02825	blue
C00145	blue
K00849	blue
K15987	blue
K16923	blue
C10208	green
K02279	blue
K00198	blue
K18691	blue
C05980	blue
C20377	blue
C01094	blue
C04334	blue
K13940	blue
C20446	blue
K11051	blue
C00705	green
K05846	blue
C00214	blue
C15975	blue
C01801	blue
C00842	blue
K01646	blue
C21029	blue
G13177	blue
K09740	blue
C00314	yellow
K06968	blue
K07341	blue
K03624	blue
C22458	blue
C22092	blue
K05350	blue
K02878	blue
K10773	blue
C05267	blue
K07386	blue
K19689	blue
C06509	blue
K01693	blue
C02984	blue
C02278	yellow
K12297	blue
K02039	blue
C04216	green
K02411	blue
C00044	green
K01681	blue
C04882	blue
K06180	blue
K01159	blue
C06508	blue
K02501	blue
K15773	blue
K04047	blue
K04087	blue
K00240	blue
K03152	blue
K16091	blue
C12632	blue
C16470	blue
K00951	blue
C06102	blue
K00336	blue
K04095	blue
K02120	blue
K01912	blue
K10824	blue
K21574	blue
C00253	green
C01327	blue
C04260	blue
G13175	blue
K07038	blue
K06409	blue
C00206	blue
C00125	blue
K02188	blue
K13573	blue
K03277	blue
K07080	blue
C00584	yellow
K12132	blue
C19078	blue
C09898	yellow
K07243	blue
C18040	blue
K07552	blue
K11938	blue
K01921	blue
K03070	blue
K03647	blue
C01209	blue
C20239	blue
K10194	blue
K06206	blue
K21947	blue
K11072	blue
K03639	blue
C00244	blue
K03736	blue
K08276	blue
K19117	blue
K00817	blue
K05946	blue
K07720	blue
K03700	blue
K02472	blue
C04738	blue
K06950	blue
C00166	blue
K01048	blue
K02566	blue
K05810	blue
C00073	green
K06330	blue
C11907	blue
K05540	blue
K05570	blue
C00088	blue
K07667	blue
K09749	blue
C05271	blue
C17076	yellow
C01477	yellow
C15811	blue
C05699	blue
C07490	blue
K07078	blue
K00688	blue
K00658	blue
K01698	blue
K03455	blue
K00033	blue
K00784	blue
K15635	blue
K06390	blue
K03307	blue
K06941	blue
K02549	blue
C00668	blue
K01496	blue
K02589	blue
K01687	blue
C19080	blue
C04242	blue
C01750	yellow
K01223	blue
K02809	blue
C04874	blue
G00289	blue
C16688	blue
K02876	blue
K01869	blue
K05802	blue
K06902	blue
C00111	blue
K01935	blue
K06923	blue
K11753	blue
C05791	blue
K01488	blue
K11392	blue
K13059	blue
C00688	blue
C00106	green
K02933	blue
C17952	blue
K01207	blue
K15024	blue
K20866	blue
K01711	blue
K02406	blue
C03313	blue
K03975	blue
K03074	blue
K06013	blue
C00389	green
K03695	blue
C05332	yellow
K02035	blue
K01356	blue
K07115	blue
C00224	blue
K02963	blue
C21215	blue
C13952	blue
C05691	blue
C01185	blue
K13650	blue
K01243	blue
K03484	blue
C06510	blue
K05995	blue
C17714	yellow
K03430	blue
K00963	blue
K06378	blue
K02992	blue
K05515	blue
K00702	blue
K07979	blue
K09693	blue
K03530	blue
C11838	blue
K01719	blue
K01848	blue
C00012	blue
C11545	blue
K13571	blue
K06200	blue
K04749	blue
K06079	blue
K02122	blue
C00923	blue
C06425	yellow
K00210	blue
K00973	blue
K02536	blue
C00254	blue
C01709	yellow
K07037	blue
K03550	blue
K00788	blue
K00939	blue
C00259	blue
K19294	blue
C00365	green
K03169	blue
K03699	blue
K01091	blue
K00971	blue
K03346	blue
K07138	blue
K16787	blue
K02115	blue
K21397	blue
C00051	green
K03476	blue
K09516	blue
C02474	blue
K07458	blue
C12139	yellow
K12308	blue
C10216	yellow
K00170	blue
