	gene_set_1	gene_set_2
C02642	True	True
C00131	True	True
C11437	True	True
C06377	True	False
C04294	True	False
C03272	True	True
C02218	True	True
C19787	True	False
C00818	True	True
C00388	True	True
C02839	True	True
C00060	True	True
C00059	True	True
C00208	True	True
C20751	True	True
C04144	True	True
C01113	True	False
G13061	True	True
C00106	True	True
C00093	True	True
C00018	True	True
C00081	True	True
C04556	True	True
C00199	True	True
C04752	True	True
C02843	True	True
C15811	True	True
C00979	True	True
C04154	True	False
C00546	True	True
C00024	True	True
G13118	True	False
C01368	True	False
C17212	True	True
C04233	True	True
C16243	True	False
C02554	True	True
C01181	True	True
C04644	True	True
C17231	True	True
C00088	True	True
C00266	True	True
C04494	True	True
C16502	True	True
C00015	True	True
C00668	True	True
C20239	True	True
C05951	True	True
C15979	True	True
C07479	True	False
C05312	True	False
C15667	True	False
C16221	True	True
C02745	True	True
C01335	True	True
C00666	True	False
C02412	True	True
C00342	True	True
C03512	True	True
C18048	True	False
C00966	True	True
C01355	True	False
C03722	True	True
C06128	True	True
C15809	True	False
C03263	True	True
C00436	True	True
G13163	True	False
C05838	True	True
C02226	True	True
C01290	True	True
C15972	True	True
C04352	True	True
C00300	True	True
C00061	True	True
C15547	True	True
C00096	True	True
C00299	True	True
C15996	True	False
C00663	True	False
C01132	True	True
C00161	True	True
C21877	True	False
C17219	True	True
C00718	True	True
C04349	True	False
C01185	True	True
C04916	True	True
C00501	True	False
C19080	True	True
C04157	True	True
C00343	True	True
C05753	True	True
C02528	True	False
C00069	True	True
C16698	True	False
C00011	True	True
C18040	True	True
C04823	True	True
C03740	True	True
C14899	True	False
C00741	True	False
C19859	True	True
C04501	True	True
C00582	True	False
C00206	True	True
C00078	True	True
C00020	True	True
C00194	True	True
C00254	True	True
C00683	True	True
C09306	True	False
C20969	True	True
C02553	True	True
C00129	True	True
C00519	True	True
C00063	True	True
C00416	True	True
C00192	True	False
C05161	True	False
C03402	True	True
G13186	True	False
C00185	True	True
C05269	True	True
C00143	True	True
C00119	True	True
C00025	True	True
C00041	True	True
C06504	True	False
C05924	True	True
C21881	True	False
C05691	True	True
C01635	True	False
C20238	True	True
C00962	True	True
C19085	True	True
C05817	True	True
C09099	True	False
G00289	True	True
C00085	True	True
C00887	True	False
C06113	True	True
C00365	True	True
C00167	True	True
C17949	True	False
C06311	True	False
C21065	True	True
C11545	True	False
C01131	True	False
C00112	True	True
C20377	True	True
C15602	True	False
C20375	True	True
C00189	True	True
G13179	True	False
C00267	True	True
C21015	True	True
C00417	True	True
C00010	True	True
C10208	True	True
C14090	True	True
G13167	True	False
C00052	True	True
C00166	True	True
C00139	True	True
C16244	True	False
C00624	True	True
C20376	True	True
C00692	True	False
C00894	True	True
C00089	True	True
C04824	True	False
C04327	True	True
C00114	True	True
C11404	True	False
G00317	True	True
C00526	True	True
C00535	True	True
C17549	True	False
C02084	True	False
C00439	True	True
C00250	True	True
C00237	True	True
C14463	True	True
C19847	True	False
C05850	True	True
C06613	True	True
C05756	True	True
C03539	True	False
C03921	True	False
C00644	True	False
C00207	True	False
C03294	True	True
C06118	True	True
C02352	True	True
C00141	True	True
C00136	True	True
C04153	True	False
C04432	True	True
C11907	True	True
C06567	True	False
C05796	True	True
C00691	True	False
C00028	True	True
C00242	True	True
C20753	True	False
C00031	True	True
C05893	True	True
C18096	True	False
G11160	True	True
C00014	True	True
C01250	True	True
C00366	True	True
C02429	True	False
C01222	True	True
C05404	True	True
C05848	True	True
C16238	True	False
C04574	True	False
C00498	True	True
C19609	True	False
C03838	True	True
C01212	True	False
C19875	True	True
C00033	True	True
C01242	True	True
C18055	True	False
C05974	True	True
C21387	True	False
C05810	True	False
C04732	True	True
C15556	True	True
G13164	True	False
C00252	True	False
C00180	True	True
C17322	True	False
C00258	True	True
C04635	True	True
C21485	True	False
C15603	True	True
C00009	True	True
C00217	True	True
C05758	True	True
C02051	True	True
C20446	True	False
C00162	True	True
C06201	True	False
C05271	True	True
C01769	True	False
C00475	True	True
C03089	True	True
C05754	True	True
G00108	True	True
C04242	True	True
C00294	True	True
C06032	True	True
C00804	True	True
C16633	True	True
C01346	True	True
C00353	True	True
C02269	True	False
C05684	True	True
C05750	True	True
C01186	True	False
G13177	True	False
C15812	True	True
C22458	True	True
C16338	True	True
G13193	True	False
C00681	True	True
C06397	True	False
C00153	True	True
C00357	True	True
C05775	True	False
C02702	True	True
G00177	True	False
C15814	True	True
C00071	True	True
C00364	True	True
C02987	True	True
C00073	True	True
G00092	True	True
C13952	True	False
C00022	True	True
C05898	True	True
C04573	True	False
C04376	True	True
C00100	True	True
C06187	True	False
C00693	True	True
C02939	True	True
C05235	True	False
C01168	True	True
C05199	True	False
C00473	True	True
C15930	True	False
C20258	True	True
C03785	True	True
C02047	True	True
C00576	True	True
C00615	True	False
C21873	True	False
C02967	True	True
C00253	True	True
C05760	True	True
C03363	True	True
C02876	True	False
C06056	True	True
C00233	True	True
C00262	True	True
C20758	True	False
C00219	True	True
C04438	True	True
C00882	True	True
C05894	True	False
C19745	True	False
C05791	True	True
C04807	True	True
C16466	True	True
C05824	True	True
C05946	True	True
C05623	True	False
C01267	True	True
C01177	True	True
C01571	True	True
C19878	True	False
C22412	True	False
C03291	True	False
C00344	True	True
C02133	True	False
C02888	True	False
C03167	True	False
C00695	True	True
C01302	True	True
C05726	True	True
C04216	True	False
C00352	True	True
C04442	True	False
C03589	True	False
C00095	True	True
C16596	True	True
C21018	True	True
C00685	True	True
C06193	True	False
C00330	True	True
C00470	True	True
C06416	True	False
C00885	True	True
C00536	True	True
C03313	True	True
C21749	True	True
C11436	True	True
C01286	True	False
C06615	True	True
C06024	True	True
C06423	True	True
C06006	True	True
C05627	True	False
C03069	True	True
C21995	True	False
C00931	True	True
C01219	True	False
C00164	True	True
C00245	True	True
C02338	True	False
C01045	True	True
C06510	True	False
C04121	True	True
C00169	True	True
C01419	True	True
C12215	True	True
C00680	True	True
C02315	True	False
C05396	True	False
C16334	True	True
C02637	True	True
C06509	True	False
C04851	True	True
C16219	True	True
C04702	True	False
C11543	True	False
C00794	True	True
C00993	True	False
C00311	True	True
C15975	True	True
C21880	True	False
C00785	True	True
C01898	True	True
C02097	True	True
C00165	True	False
C00002	True	True
C01112	True	True
C02686	True	True
C03506	True	True
C01138	True	False
C03862	True	True
C02964	True	False
C00387	True	True
C04570	True	True
C01187	True	False
C04181	True	True
C00170	True	True
C12739	True	True
C03160	True	True
C15977	True	True
C00039	True	True
C00227	True	False
C17223	True	True
C21335	True	False
C06188	True	False
C00144	True	True
C06547	True	True
C01674	True	True
C15810	True	True
C02953	True	True
C06755	True	True
C00705	True	True
C01931	True	True
C04646	True	True
C04751	True	False
C20378	True	True
C17556	True	False
C02232	True	True
C00016	True	True
C21178	True	False
C04506	True	True
C16400	True	False
C00122	True	True
C00508	True	False
C06503	True	False
C21453	True	False
G13200	True	False
C04534	True	False
C00083	True	True
C19673	True	False
C01762	True	True
C00921	True	True
C04152	True	False
C20933	True	False
C21152	True	False
C11538	True	False
C20861	True	False
C00378	True	True
C00638	True	True
C06114	True	True
C00188	True	True
C16587	True	True
C04896	True	True
C00214	True	True
C00148	True	True
C18796	True	True
C00105	True	True
C07836	True	False
C00399	True	True
C03912	True	True
C00319	True	True
C04425	True	True
C16399	True	False
C00027	True	True
C05983	True	True
C04640	True	True
C00032	True	True
C00448	True	True
C03375	True	False
C00047	True	True
C00789	True	True
C00923	True	False
C06614	True	True
C00286	True	True
C01092	True	True
C00410	True	True
G00711	True	True
C05897	True	True
C03150	True	True
C04874	True	True
C00704	True	True
C00488	True	False
C00409	True	True
C02985	True	True
C00064	True	True
C20752	True	True
C05841	True	True
C05819	True	True
C21017	True	True
C04188	True	True
C00103	True	True
C00280	True	True
C00672	True	True
C00577	True	True
C04778	True	False
C21879	True	False
C04317	True	True
C03684	True	True
G11121	True	True
C00244	True	True
C00341	True	True
C00764	True	False
C04334	True	False
C05527	True	True
C05640	True	True
G10553	True	True
G13180	True	False
C00504	True	True
C00178	True	True
C00246	True	False
C00125	True	False
C19078	True	True
C15978	True	True
C00455	True	True
C00282	True	False
C00179	True	True
C21955	True	False
C06441	True	False
C05267	True	True
C21751	True	True
C00134	True	True
C06407	True	False
C01468	True	False
C00864	True	True
C00255	True	True
C20236	True	False
C05703	True	True
C00630	True	True
C01304	True	True
C00283	True	True
C00860	True	True
C07086	True	True
C05699	True	True
C02984	True	True
C03511	True	True
C06365	True	False
C00251	True	True
C01165	True	True
C15976	True	True
C01755	True	True
C02188	True	True
C01935	True	True
C05335	True	True
C03127	True	True
C20251	True	False
C00108	True	True
C05336	True	True
C18237	True	True
C19871	True	False
C03344	True	True
C00954	True	True
C01080	True	False
C05762	True	True
C00269	True	True
C00075	True	True
C20641	True	True
C03405	True	True
C00302	True	True
C05844	True	True
C20836	True	False
C21113	True	True
C00231	True	True
C03341	True	False
C05746	True	True
C03733	True	False
C11417	True	False
C00655	True	True
C12248	True	True
C00555	True	True
C21999	True	False
C00558	True	False
C11481	True	False
C17323	True	True
C03345	True	True
C00053	True	True
C19880	True	False
C01744	True	False
C11827	True	False
C01641	True	True
C00842	True	False
C16565	True	True
C11453	True	True
C01096	True	False
C19723	True	False
C02737	True	True
C01352	True	True
C00042	True	True
G10008	True	False
C04332	True	True
C02282	True	True
C07838	True	False
C05379	True	True
C00415	True	True
C05259	True	True
C00146	True	False
C01268	True	True
C19845	True	False
G09660	True	True
C02463	True	True
C21334	True	True
C00957	True	True
C03871	True	False
C00248	True	True
C01101	True	False
C00065	True	True
C05577	True	True
C22155	True	True
C05263	True	True
C00354	True	True
C01081	True	True
C01801	True	True
C04051	True	True
C19846	True	True
C02323	True	False
C04146	True	False
C00212	True	True
C20658	True	True
C00645	True	True
G01391	True	True
C14099	True	True
C05265	True	True
C00068	True	True
C16619	True	True
C01097	True	False
C00005	True	True
G13039	True	True
G10481	True	True
C01721	True	False
C10447	True	False
C16330	True	True
C01179	True	True
C01094	True	True
C00463	True	True
C04554	True	True
C20246	True	False
C15495	True	False
C04877	True	False
C21461	True	False
C01279	True	True
C00198	True	False
C05512	True	True
C00012	True	True
C03406	True	True
C00454	True	True
C06507	True	False
C02474	True	True
C05445	True	True
C05923	True	True
C00049	True	True
C00689	True	True
C16348	True	True
C02835	True	True
C00137	True	True
C00389	True	True
C07490	True	True
C22438	True	True
C00099	True	True
C02415	True	True
C02741	True	True
C21767	True	False
C05686	True	True
C00043	True	True
C03232	True	True
C04039	True	True
C00631	True	True
C04088	True	True
C04122	True	False
C21440	True	True
C00001	True	True
C01228	True	True
C03794	True	True
C00003	True	True
C00721	True	True
C05748	True	True
C06250	True	True
C16273	True	False
C21861	True	True
C07335	True	False
C01645	True	False
C04881	True	False
C02988	True	True
C03082	True	True
C05125	True	True
C20755	True	False
C01269	True	True
C00944	True	True
C19882	True	False
C00058	True	True
C01209	True	True
C00186	True	False
C03431	True	False
C00446	True	True
C00132	True	True
C05698	True	True
C16489	True	False
C04257	True	True
C00345	True	True
C02527	True	False
C00035	True	True
C02631	True	True
C01176	True	True
C21101	True	False
C00133	True	False
C22159	True	True
C15974	True	True
C01107	True	True
C00006	True	True
C00116	True	True
C04462	True	False
C00363	True	True
C00279	True	True
C00029	True	True
C22501	True	True
C22160	True	True
C01051	True	True
C00459	True	True
C06157	True	True
C00441	True	True
C05394	True	True
C05539	True	False
G13060	True	True
C21215	True	False
C00160	True	True
C04230	True	True
C18910	True	False
C04483	True	False
C03125	True	True
C01134	True	True
C00007	True	True
C02992	True	True
C00204	True	False
C01929	True	True
C20390	True	False
C00857	True	True
C20422	True	False
C00147	True	True
C05744	True	True
C17215	True	True
C04919	True	True
C03373	True	True
C16832	True	True
C03508	True	True
C02714	True	True
C00048	True	True
C00671	True	True
C06399	True	False
C00327	True	True
C11638	True	False
C22441	True	True
C06408	True	False
C05759	True	True
C05840	True	True
C21386	True	False
C09332	True	True
C01528	True	True
C05378	True	True
C02504	True	True
C21008	True	True
C11173	True	True
C16242	True	False
C16254	True	True
C16615	True	True
C00168	True	True
C00295	True	True
C14819	True	True
C01118	True	False
C20237	True	False
C14818	True	True
C00667	True	True
C00152	True	True
C04734	True	True
C06103	True	True
C20769	True	False
C04419	True	True
C00361	True	True
C04246	True	True
C00356	True	True
C01367	True	False
C06508	True	True
C00126	True	True
C01172	True	True
C00008	True	True
C05711	True	True
C01083	True	True
C06481	True	True
C00234	True	True
C00154	True	True
C05768	True	True
C01142	True	False
C00222	True	True
C00315	True	True
C06102	True	True
C06364	True	False
C00760	True	True
C20372	True	True
C00044	True	True
C01236	True	True
C05751	True	True
C00138	True	True
C01037	True	True
C04895	True	True
C00509	True	True
C01205	True	True
C21463	True	False
C00617	True	True
C20248	True	False
C18239	True	True
C04132	True	True
C01170	True	False
C00322	True	True
C12455	True	True
C06563	True	True
C00221	True	True
C02170	True	True
C00127	True	True
C21851	True	False
C19879	True	False
C05772	True	False
C19848	True	True
C00117	True	True
C00531	True	False
C03541	True	True
C20858	True	True
G13175	True	False
C00502	True	False
C00310	True	True
C00040	True	True
C06224	True	False
C05382	True	True
C00120	True	True
C01330	True	False
C00376	True	True
C04180	True	False
C15980	True	True
C03161	True	True
C06506	True	True
C00140	True	True
C00390	True	True
G13188	True	False
C00334	True	True
C06427	True	True
C00332	True	True
C03741	True	True
C08325	True	True
C19771	True	False
C06054	True	True
C00191	True	True
C05773	True	False
C05980	True	True
C00067	True	True
C16237	True	True
C06251	True	False
C00559	True	True
C22092	True	False
C03742	True	True
C22151	True	True
C20906	True	False
C01327	True	True
C04666	True	True
C00086	True	True
C00259	True	True
C00155	True	True
C00109	True	True
C11838	True	False
C00688	True	False
C01563	True	True
C03460	True	True
C04236	True	True
C02679	True	True
C03175	True	True
C00568	True	True
C03453	True	False
C01885	True	True
C22443	True	True
C15973	True	True
C02713	True	True
C03586	True	False
C05172	True	True
C00190	True	True
C11811	True	True
C22502	True	True
C16519	True	True
C00881	True	True
C17227	True	True
C04932	True	True
C11062	True	False
C20768	True	False
C05822	True	False
G10557	True	False
C21153	True	False
C05345	True	True
C05695	True	True
C00810	True	False
C06240	True	False
C05223	True	True
C00079	True	True
C11406	True	False
C01151	True	False
C16634	True	True
C16220	True	True
C00118	True	True
C00385	True	True
C11143	True	False
C02972	True	True
C00380	True	False
C00145	True	True
C00236	True	True
C00641	True	True
C00062	True	True
C05729	True	True
C05922	True	True
C00350	True	True
C00458	True	True
C06112	True	True
C06022	True	True
C00013	True	True
C02163	True	True
C00051	True	True
C11472	True	False
C03492	True	True
C01345	True	True
C21462	True	False
C01909	True	True
C00877	True	True
C00195	True	True
C00669	True	True
C01962	True	True
C00184	True	False
C05261	True	True
G13191	True	False
C02995	True	False
C17017	True	False
C05921	True	True
C00636	True	True
C02336	True	True
C00159	True	True
C21878	True	False
C15813	True	True
C02183	True	False
C00092	True	True
C11924	True	True
C00763	True	False
G10619	True	True
C20863	True	True
C18094	True	True
C01289	True	False
C00402	True	False
C00074	True	True
C20676	True	True
C20062	True	False
C02430	True	True
C11039	True	True
C00249	True	True
C04404	True	False
C22161	True	False
C00905	True	False
C03692	True	True
C00461	True	True
C00054	True	True
C00021	True	True
C00861	True	False
C05635	True	True
C05696	True	True
C00460	True	True
C11420	True	False
C11542	True	False
C16236	True	True
C01595	True	True
C04652	True	False
C16688	True	False
C17213	True	True
C20374	True	True
C20562	True	False
C16470	True	False
C00135	True	True
C20395	True	False
G00093	True	True
C19647	True	False
C00309	True	False
C00673	True	True
C19770	True	False
C05825	True	False
C20373	True	True
C05688	True	True
C04260	True	False
C00201	True	True
C16186	True	False
C21284	True	False
G13171	True	False
C00197	True	True
C00647	True	True
C16631	True	True
C06148	True	True
C05973	True	True
C00101	True	True
C05763	True	True
C01024	True	True
C12632	True	True
C00091	True	True
C02291	True	True
C04287	True	False
C04281	True	True
C00256	True	True
C00055	True	True
C00627	True	True
C05402	True	True
C00084	True	True
C00798	True	False
C06376	True	False
C01102	True	True
C06010	True	True
G13187	True	False
C20748	True	False
C15587	True	True
C11540	True	False
C00561	True	True
C16618	True	True
C00080	True	True
C00369	True	True
C00097	True	True
C01888	True	False
C04738	True	True
C01300	True	True
C05809	True	False
C04677	True	True
C17217	True	True
C05528	True	True
C02962	True	False
C00036	True	True
C04730	True	True
C00445	True	True
C05993	True	True
C21310	True	True
C05381	True	True
C06398	True	False
C05198	True	True
C00512	True	False
C00492	True	True
C00438	True	True
C03972	True	True
C00224	True	True
C00004	True	True
C00037	True	True
C04006	True	True
C17401	True	False
C00527	True	True
C00984	True	True
C00121	True	True
C04691	True	True
C04133	True	True
C03892	True	True
C00094	True	True
C04631	True	False
C16551	True	True
C01190	True	True
C01117	True	True
C21029	True	True
C20451	True	True
C00424	True	False
C04377	True	True
C04832	True	False
C03287	True	True
C00886	True	True
C06025	True	True
C03028	True	True
C00275	True	True
C00620	True	True
C06320	True	False
C22442	True	True
C00530	True	False
C02946	True	True
C01077	True	False
C00111	True	True
C00679	True	False
C00104	True	True
C05712	True	True
C00124	True	True
C20958	True	False
C06891	True	False
C00593	True	False
C04582	True	True
G10555	True	True
G10545	True	True
C11435	True	True
C00077	True	True
C21214	True	True
C00229	True	True
C17952	True	False
G10665	True	True
C20796	True	True
C02612	True	False
C04882	True	False
C20345	True	False
C00026	True	True
C02659	True	True
C00030	True	True
C05300	False	True
C00590	False	True
G10598	False	True
C03428	False	True
C16332	False	True
C11875	False	True
C22007	False	True
C20784	False	True
G00043	False	True
G10512	False	True
G13025	False	True
C19764	False	True
C20681	False	True
C12144	False	True
C01180	False	True
C19591	False	True
G02515	False	True
C01389	False	True
C05956	False	True
G10113	False	True
C05421	False	True
C16680	False	True
G00149	False	True
C05855	False	True
C20825	False	True
C09666	False	True
C15486	False	True
C05579	False	True
G00046	False	True
C08628	False	True
C02288	False	True
C01036	False	True
C12448	False	True
G00392	False	True
C00940	False	True
C22136	False	True
C14768	False	True
C12137	False	True
C00696	False	True
C05360	False	True
C16577	False	True
G13030	False	True
C00235	False	True
C08591	False	True
C22966	False	True
G00370	False	True
C21665	False	True
G00076	False	True
C18217	False	True
C19606	False	True
C05631	False	True
G00063	False	True
C20907	False	True
C01953	False	True
G00140	False	True
C21188	False	True
C00157	False	True
C09665	False	True
G00003	False	True
G00066	False	True
C01623	False	True
C19490	False	True
C08590	False	True
C11860	False	True
C00430	False	True
G00095	False	True
C00835	False	True
C01573	False	True
C05385	False	True
C05285	False	True
C21000	False	True
C01119	False	True
C10192	False	True
C05212	False	True
C03845	False	True
C00360	False	True
C03564	False	True
C05427	False	True
C00510	False	True
C14771	False	True
G00155	False	True
G00050	False	True
C16217	False	True
C01246	False	True
C06426	False	True
G13152	False	True
C15790	False	True
C16635	False	True
C05831	False	True
C04063	False	True
C03201	False	True
C16739	False	True
C00362	False	True
C02339	False	True
C06196	False	True
G00278	False	True
C14844	False	True
C00859	False	True
C05448	False	True
C20877	False	True
G11492	False	True
C20991	False	True
C01920	False	True
C21072	False	True
C11130	False	True
C22112	False	True
C15858	False	True
C06037	False	True
C11134	False	True
C02515	False	True
G00145	False	True
C20909	False	True
C11830	False	True
C21459	False	True
C05479	False	True
C02094	False	True
C05324	False	True
G00118	False	True
C12633	False	True
C05827	False	True
C15500	False	True
G00027	False	True
C11555	False	True
C05581	False	True
C05487	False	True
C11523	False	True
C03547	False	True
C16323	False	True
C02325	False	True
C14871	False	True
C00637	False	True
C06429	False	True
C14775	False	True
G00129	False	True
C00533	False	True
C14874	False	True
C12835	False	True
C01041	False	True
C16622	False	True
C16426	False	True
C20208	False	True
C19624	False	True
G11136	False	True
C00411	False	True
C15803	False	True
C18043	False	True
G00047	False	True
C11557	False	True
C17336	False	True
C00658	False	True
G00154	False	True
C03824	False	True
C15857	False	True
C00788	False	True
C06222	False	True
C14865	False	True
C13550	False	True
C15780	False	True
C14045	False	True
C16487	False	True
C09833	False	True
G00100	False	True
C19812	False	True
C03129	False	True
C01054	False	True
G13095	False	True
C02356	False	True
C01604	False	True
C00462	False	True
G13051	False	True
G00428	False	True
C04308	False	True
C00988	False	True
C05770	False	True
G00171	False	True
C01226	False	True
C21924	False	True
C00268	False	True
C02582	False	True
C02237	False	True
C00483	False	True
C00203	False	True
C12312	False	True
C14145	False	True
C20908	False	True
C22831	False	True
C16610	False	True
C03516	False	True
C00780	False	True
C06093	False	True
C01161	False	True
C04742	False	True
G00024	False	True
C14827	False	True
C05960	False	True
C15672	False	True
C12145	False	True
C00398	False	True
C14854	False	True
G00019	False	True
C14863	False	True
C14154	False	True
C00632	False	True
C04654	False	True
C21106	False	True
C21151	False	True
C00328	False	True
C05504	False	True
C11620	False	True
G00011	False	True
C21926	False	True
C05585	False	True
C03012	False	True
C12127	False	True
C01211	False	True
C06123	False	True
G00014	False	True
C17743	False	True
C15518	False	True
C01747	False	True
G00526	False	True
C05999	False	True
G00163	False	True
C00499	False	True
G00889	False	True
C15804	False	True
C04295	False	True
C02921	False	True
C01079	False	True
C09826	False	True
C21943	False	True
C05366	False	True
C00226	False	True
C01159	False	True
C01380	False	True
G13093	False	True
C11874	False	True
C22043	False	True
C02191	False	True
C02139	False	True
C05583	False	True
G00164	False	True
C04707	False	True
C20722	False	True
C15926	False	True
G00084	False	True
C00575	False	True
C00323	False	True
C01780	False	True
C01943	False	True
C16405	False	True
C22964	False	True
C08584	False	True
G00025	False	True
C20734	False	True
C20862	False	True
C01477	False	True
C11829	False	True
C05276	False	True
C20690	False	True
C07447	False	True
G00021	False	True
C16834	False	True
C16632	False	True
C09265	False	True
C17277	False	True
C16360	False	True
C04244	False	True
C11174	False	True
C00936	False	True
C04922	False	True
G00009	False	True
C20700	False	True
C03242	False	True
C11583	False	True
C00740	False	True
G00040	False	True
C11872	False	True
C03917	False	True
C15883	False	True
C22499	False	True
C21935	False	True
C05852	False	True
C08579	False	True
G10770	False	True
C02034	False	True
C21845	False	True
C02198	False	True
C02477	False	True
C15501	False	True
C15781	False	True
C15793	False	True
C18060	False	True
C21486	False	True
C14804	False	True
G13043	False	True
C16711	False	True
C01210	False	True
C05455	False	True
C19489	False	True
G00127	False	True
C20458	False	True
C05422	False	True
C00151	False	True
C22852	False	True
C04073	False	True
C03657	False	True
C15514	False	True
C13051	False	True
C15925	False	True
C21456	False	True
C01115	False	True
C21797	False	True
C01533	False	True
C16164	False	True
C16620	False	True
C18310	False	True
G00146	False	True
C04805	False	True
G13053	False	True
C14855	False	True
C05903	False	True
G13092	False	True
C04089	False	True
C05501	False	True
C17570	False	True
C15794	False	True
C07712	False	True
C20742	False	True
C04748	False	True
C01753	False	True
G00104	False	True
C21190	False	True
G00005	False	True
C06329	False	True
C04938	False	True
C04037	False	True
C05490	False	True
C02091	False	True
G00117	False	True
C08362	False	True
G12396	False	True
C16226	False	True
C00584	False	True
C16430	False	True
C03906	False	True
C05905	False	True
C17337	False	True
C05653	False	True
C04712	False	True
G00032	False	True
G00064	False	True
C11854	False	True
C03852	False	True
C19574	False	True
C08614	False	True
C05674	False	True
G00097	False	True
G10818	False	True
C11863	False	True
C14777	False	True
C00355	False	True
G00035	False	True
C15645	False	True
C01026	False	True
C05294	False	True
C00643	False	True
C13309	False	True
G00125	False	True
C15981	False	True
C18170	False	True
C00325	False	True
C03461	False	True
C14856	False	True
C00762	False	True
C11526	False	True
C02266	False	True
C00540	False	True
C05938	False	True
C00974	False	True
C12134	False	True
C02350	False	True
G13087	False	True
C15650	False	True
C05643	False	True
C11243	False	True
C05849	False	True
C05692	False	True
C16448	False	True
C08580	False	True
G00156	False	True
C00978	False	True
C22123	False	True
G10794	False	True
C15519	False	True
C01921	False	True
C00072	False	True
C05356	False	True
C16362	False	True
C14813	False	True
G10622	False	True
C21754	False	True
C21939	False	True
C00852	False	True
C02588	False	True
C05588	False	True
C04350	False	True
C01031	False	True
C04196	False	True
G00077	False	True
C21458	False	True
C16253	False	True
C17148	False	True
C04555	False	True
C01378	False	True
C03427	False	True
C15772	False	True
C16276	False	True
C01243	False	True
C21435	False	True
C21750	False	True
G00001	False	True
C05489	False	True
C16356	False	True
C11136	False	True
C15503	False	True
C02166	False	True
C01272	False	True
C22008	False	True
C16521	False	True
C00264	False	True
C06562	False	True
C13645	False	True
C03455	False	True
G00018	False	True
G13038	False	True
C00482	False	True
G00209	False	True
C01277	False	True
C13453	False	True
C15610	False	True
C05466	False	True
C06082	False	True
C17343	False	True
C00349	False	True
C02687	False	True
C20723	False	True
C00333	False	True
C20454	False	True
C03974	False	True
C05130	False	True
C05639	False	True
C12123	False	True
C18305	False	True
G11113	False	True
C11876	False	True
G00006	False	True
G00111	False	True
C05634	False	True
C12634	False	True
C15522	False	True
C16374	False	True
G13034	False	True
G00088	False	True
C16365	False	True
C19712	False	True
C03227	False	True
G00015	False	True
C05502	False	True
C03579	False	True
C16428	False	True
C05341	False	True
C01120	False	True
C05413	False	True
C00312	False	True
C05949	False	True
C10646	False	True
C09762	False	True
C03998	False	True
C18062	False	True
C00301	False	True
C12203	False	True
C00547	False	True
C22564	False	True
C05694	False	True
C00239	False	True
C16541	False	True
G13035	False	True
C05127	False	True
C20879	False	True
G00089	False	True
C14151	False	True
C00213	False	True
C18045	False	True
C12627	False	True
C01284	False	True
C05340	False	True
C22854	False	True
C00517	False	True
C02220	False	True
G02977	False	True
C01996	False	True
C00899	False	True
C19604	False	True
C00218	False	True
C04143	False	True
C03035	False	True
C06094	False	True
C04409	False	True
C15800	False	True
C16681	False	True
C05467	False	True
C00603	False	True
C05460	False	True
C08604	False	True
C02165	False	True
C09614	False	True
C05227	False	True
C03372	False	True
G00734	False	True
C01227	False	True
C05936	False	True
C21833	False	True
C00490	False	True
C11902	False	True
G00056	False	True
C15797	False	True
G00016	False	True
C14782	False	True
C18231	False	True
C05778	False	True
C11831	False	True
G13028	False	True
C16265	False	True
C00523	False	True
C02920	False	True
C17432	False	True
G00008	False	True
C00243	False	True
C01069	False	True
G00112	False	True
C00082	False	True
C20833	False	True
G00004	False	True
C03765	False	True
C01514	False	True
C01126	False	True
C11821	False	True
C06096	False	True
C16322	False	True
C22500	False	True
C18044	False	True
C06089	False	True
G00012	False	True
C19746	False	True
C15882	False	True
C05499	False	True
G05309	False	True
C01262	False	True
C14146	False	True
C22555	False	True
C16321	False	True
C21171	False	True
C02171	False	True
G00086	False	True
C06098	False	True
C03289	False	True
C22832	False	True
C00270	False	True
C19803	False	True
C05299	False	True
C20149	False	True
C14814	False	True
C11572	False	True
C02031	False	True
C15965	False	True
C16591	False	True
C01035	False	True
C16630	False	True
C11522	False	True
C04118	False	True
C15805	False	True
C11512	False	True
C01678	False	True
G10981	False	True
C11857	False	True
C00406	False	True
C00965	False	True
G13037	False	True
C08586	False	True
C21937	False	True
C00956	False	True
C06135	False	True
C00130	False	True
C15578	False	True
C05302	False	True
C05307	False	True
C05589	False	True
C16545	False	True
G00002	False	True
C00700	False	True
C01143	False	True
G10599	False	True
C05544	False	True
C15967	False	True
C16424	False	True
G00178	False	True
C00313	False	True
C16336	False	True
C11389	False	True
C16163	False	True
G10238	False	True
C22116	False	True
C16252	False	True
G10506	False	True
C16311	False	True
C14152	False	True
C16612	False	True
C19759	False	True
C00884	False	True
C08276	False	True
C16359	False	True
C22157	False	True
C05332	False	True
C14807	False	True
C05443	False	True
C01527	False	True
G10595	False	True
C20120	False	True
C21084	False	True
C05454	False	True
C00670	False	True
C02906	False	True
C20692	False	True
C15646	False	True
C15558	False	True
C00588	False	True
C03771	False	True
C05637	False	True
C01382	False	True
C00570	False	True
C19646	False	True
C02320	False	True
G00126	False	True
C01958	False	True
C06127	False	True
C11376	False	True
G13128	False	True
C14851	False	True
C05284	False	True
C02483	False	True
C14825	False	True
C04884	False	True
C00500	False	True
G00068	False	True
C06011	False	True
C02763	False	True
C01825	False	True
C05787	False	True
C17331	False	True
G00148	False	True
C11355	False	True
C08285	False	True
C00828	False	True
C10044	False	True
C04926	False	True
C05275	False	True
C22667	False	True
G13097	False	True
C09806	False	True
G00020	False	True
C05446	False	True
C05645	False	True
C21383	False	True
C09320	False	True
C01157	False	True
C16520	False	True
G00113	False	True
C19874	False	True
C12138	False	True
C19617	False	True
C08830	False	True
C05797	False	True
C15816	False	True
G10504	False	True
C06000	False	True
G00180	False	True
C05610	False	True
C00714	False	True
C05843	False	True
C06341	False	True
C21031	False	True
C19873	False	True
G13044	False	True
C05909	False	True
G12336	False	True
C02411	False	True
C22119	False	True
C05584	False	True
C13425	False	True
C17328	False	True
G13098	False	True
C07330	False	True
G00013	False	True
C01978	False	True
G05914	False	True
C09789	False	True
C14852	False	True
C02465	False	True
C16663	False	True
G00022	False	True
C01194	False	True
C14808	False	True
C05580	False	True
C06425	False	True
C17622	False	True
C15525	False	True
C14847	False	True
C00257	False	True
C22965	False	True
C20221	False	True
C03715	False	True
C01213	False	True
C05301	False	True
C02880	False	True
C04062	False	True
C06124	False	True
C14861	False	True
C17938	False	True
C12287	False	True
C11868	False	True
C02934	False	True
C22853	False	True
C00935	False	True
C06125	False	True
C01158	False	True
C20837	False	True
C16218	False	True
C15966	False	True
C13455	False	True
G00017	False	True
C20659	False	True
G13091	False	True
C12667	False	True
G00094	False	True
C00750	False	True
C04713	False	True
C07091	False	True
C05582	False	True
C00128	False	True
C04353	False	True
C11061	False	True
C01074	False	True
C05290	False	True
C14781	False	True
C19765	False	True
C15546	False	True
C21509	False	True
C01617	False	True
C01197	False	True
C16540	False	True
C21115	False	True
C09751	False	True
C16172	False	True
C05908	False	True
C21748	False	True
C05981	False	True
C02990	False	True
C15792	False	True
C19620	False	True
C05361	False	True
C05713	False	True
G00081	False	True
C03024	False	True
C05200	False	True
G13023	False	True
C01245	False	True
C14803	False	True
C19605	False	True
C06001	False	True
G10526	False	True
C14778	False	True
G06302	False	True
C02591	False	True
C02512	False	True
C04913	False	True
C05306	False	True
G00098	False	True
G00090	False	True
C16613	False	True
C05933	False	True
C00999	False	True
G00062	False	True
C05859	False	True
C01490	False	True
C05906	False	True
G10621	False	True
C11556	False	True
C19802	False	True
C05202	False	True
C20660	False	True
C00305	False	True
C14826	False	True
C01450	False	True
C14749	False	True
C15769	False	True
C11393	False	True
G00319	False	True
C03033	False	True
C14869	False	True
C15606	False	True
C06205	False	True
C01636	False	True
C05297	False	True
C15647	False	True
C22563	False	True
C16669	False	True
C15808	False	True
C21381	False	True
C18022	False	True
C12205	False	True
C20775	False	True
C04045	False	True
C08601	False	True
G00159	False	True
C19614	False	True
C05313	False	True
C14868	False	True
C04185	False	True
C04525	False	True
G10597	False	True
C00774	False	True
G01439	False	True
C04477	False	True
C02571	False	True
C11131	False	True
C04433	False	True
C02075	False	True
C11855	False	True
G13080	False	True
C17439	False	True
C05503	False	True
G10488	False	True
C20121	False	True
C08491	False	True
C17440	False	True
C16677	False	True
C15970	False	True
C06254	False	True
G10694	False	True
G00082	False	True
C08492	False	True
G10913	False	True
G10982	False	True
C19616	False	True
C21189	False	True
G00179	False	True
C02100	False	True
G00007	False	True
C16355	False	True
C05449	False	True
C05431	False	True
C03546	False	True
C13482	False	True
C00761	False	True
G13027	False	True
C05442	False	True
C16517	False	True
C06090	False	True
C00232	False	True
C05500	False	True
C11873	False	True
G00162	False	True
C05337	False	True
C05690	False	True
C05139	False	True
C04637	False	True
C15798	False	True
C05414	False	True
G13026	False	True
C16638	False	True
C11870	False	True
C03205	False	True
C03582	False	True
C08821	False	True
C16168	False	True
C02061	False	True
C13816	False	True
C01252	False	True
C00836	False	True
C00261	False	True
C01371	False	True
C05295	False	True
C14806	False	True
C00751	False	True
C01829	False	True
C16328	False	True
C00606	False	True
C01356	False	True
C06482	False	True
C00822	False	True
G10596	False	True
C05545	False	True
C07585	False	True
C05138	False	True
C22967	False	True
G00031	False	True
C00621	False	True
C15670	False	True
G13350	False	True
C03758	False	True
C14810	False	True
C00544	False	True
C16389	False	True
C15795	False	True
C22120	False	True
C21300	False	True
C14769	False	True
C19418	False	True
C21640	False	True
C14772	False	True
G00116	False	True
C03231	False	True
C05478	False	True
G00143	False	True
C05660	False	True
G00255	False	True
C00601	False	True
G13036	False	True
C18021	False	True
C00412	False	True
C05485	False	True
C00272	False	True
C22551	False	True
C00925	False	True
C15806	False	True
C16578	False	True
C20764	False	True
C00942	False	True
C15776	False	True
C05727	False	True
C00719	False	True
C04802	False	True
C21114	False	True
C05625	False	True
G00151	False	True
C15799	False	True
C05546	False	True
C01629	False	True
C19588	False	True
C14848	False	True
C15786	False	True
C01061	False	True
C00543	False	True
G00029	False	True
C05668	False	True
C16341	False	True
C01494	False	True
C09704	False	True
C01789	False	True
C04930	False	True
C02373	False	True
C05842	False	True
C17346	False	True
C14770	False	True
C05447	False	True
C05675	False	True
C02140	False	True
C00181	False	True
C21384	False	True
C21172	False	True
G00161	False	True
C02530	False	True
G00109	False	True
C22122	False	True
C17332	False	True
C04672	False	True
C05435	False	True
C06002	False	True
C16679	False	True
C02666	False	True
C01042	False	True
C05904	False	True
C05434	False	True
C09827	False	True
G00023	False	True
C00223	False	True
C12208	False	True
G05477	False	True
G02632	False	True
C19559	False	True
G10620	False	True
C15520	False	True
C19590	False	True
C17339	False	True
C06561	False	True
C04487	False	True
C19715	False	True
C00712	False	True
C14842	False	True
C03221	False	True
G12573	False	True
C06428	False	True
C16387	False	True
C02646	False	True
C02199	False	True
C14849	False	True
C00642	False	True
C06472	False	True
C12124	False	True
C00346	False	True
C01235	False	True
C10385	False	True
C01137	False	True
C04785	False	True
C05498	False	True
C14044	False	True
C10107	False	True
C14791	False	True
C02090	False	True
C00493	False	True
C01301	False	True
G13081	False	True
C11132	False	True
C01659	False	True
C14793	False	True
C01879	False	True
C19752	False	True
C00634	False	True
C05665	False	True
C14850	False	True
C14748	False	True
C17554	False	True
C01203	False	True
C00307	False	True
C16693	False	True
C22968	False	True
C05619	False	True
C05594	False	True
G00144	False	True
C03691	False	True
C12206	False	True
C04262	False	True
C00265	False	True
C01697	False	True
C07446	False	True
C18218	False	True
C01902	False	True
C15801	False	True
C02863	False	True
G00085	False	True
C18038	False	True
G13062	False	True
C05830	False	True
C01326	False	True
C00581	False	True
G00971	False	True
C20859	False	True
C00618	False	True
C03885	False	True
C00847	False	True
C03766	False	True
C04708	False	True
C08813	False	True
C04840	False	True
C15968	False	True
C02495	False	True
C00422	False	True
C11554	False	True
C02222	False	True
C19714	False	True
G00060	False	True
C03595	False	True
C10434	False	True
C06095	False	True
C16376	False	True
C22851	False	True
C05465	False	True
C06424	False	True
C14853	False	True
C16469	False	True
C05828	False	True
C05433	False	True
C01241	False	True
C14801	False	True
G00128	False	True
C08585	False	True
G03532	False	True
C05116	False	True
C05642	False	True
C03366	False	True
C00735	False	True
C20738	False	True
C03025	False	True
C05270	False	True
C16695	False	True
C00423	False	True
C01182	False	True
C16310	False	True
C20267	False	True
C05273	False	True
C02960	False	True
C05430	False	True
C05350	False	True
C01220	False	True
G00872	False	True
C00843	False	True
C00450	False	True
C12270	False	True
C00487	False	True
C16836	False	True
C01724	False	True
C05651	False	True
C03004	False	True
C12126	False	True
C16324	False	True
C04598	False	True
C02110	False	True
C17758	False	True
C21860	False	True
C06081	False	True
C00951	False	True
C16490	False	True
C01802	False	True
C21217	False	True
C21366	False	True
C16327	False	True
C04722	False	True
C03454	False	True
C05488	False	True
C05659	False	True
C04536	False	True
C11865	False	True
C00996	False	True
C08616	False	True
C15796	False	True
C02050	False	True
C00811	False	True
C19607	False	True
C00472	False	True
G13054	False	True
G00067	False	True
C05439	False	True
C05648	False	True
C14153	False	True
C17559	False	True
C16291	False	True
C16420	False	True
C11641	False	True
C00986	False	True
C00777	False	True
C12630	False	True
C16404	False	True
C00331	False	True
G13042	False	True
C22963	False	True
C20187	False	True
C15493	False	True
G00704	False	True
C20694	False	True
C07646	False	True
G00010	False	True
G00160	False	True
C05587	False	True
C21667	False	True
C01110	False	True
C05103	False	True
C15791	False	True
C05647	False	True
G13074	False	True
C11947	False	True
C04756	False	True
C21671	False	True
C00110	False	True
C02280	False	True
C22421	False	True
C14773	False	True
C02305	False	True
C12204	False	True
C02035	False	True
C17335	False	True
C14864	False	True
G13058	False	True
C05947	False	True
C06404	False	True
C01598	False	True
C05122	False	True
C05673	False	True
C04717	False	True
G00037	False	True
C20737	False	True
C01164	False	True
C20455	False	True
G00123	False	True
C02872	False	True
C04145	False	True
C16142	False	True
C05911	False	True
C16837	False	True
C02067	False	True
C04831	False	True
C00635	False	True
C03594	False	True
C22971	False	True
C15802	False	True
C03939	False	True
G00026	False	True
C11455	False	True
C00783	False	True
G13153	False	True
G00158	False	True
C11278	False	True
C11150	False	True
C11869	False	True
C15502	False	True
C19623	False	True
C16216	False	True
C16255	False	True
C00177	False	True
C02000	False	True
C01146	False	True
C04549	False	True
G13052	False	True
C14792	False	True
C05444	False	True
C05437	False	True
G13056	False	True
C05432	False	True
G00141	False	True
C01231	False	True
G00045	False	True
C04282	False	True
C10028	False	True
C13050	False	True
C20159	False	True
C04441	False	True
C03162	False	True
C11133	False	True
C05676	False	True
C10287	False	True
C11864	False	True
C11861	False	True
C16075	False	True
C16471	False	True
C14805	False	True
C20484	False	True
G10505	False	True
G13029	False	True
C21662	False	True
C22969	False	True
C20183	False	True
C02248	False	True
C01152	False	True
G00036	False	True
C16165	False	True
C03723	False	True
C18904	False	True
C21663	False	True
G13024	False	True
C02947	False	True
C00386	False	True
C05143	False	True
C02189	False	True
C02700	False	True
C15807	False	True
C17244	False	True
C15770	False	True
G00048	False	True
C17691	False	True
C05272	False	True
C01613	False	True
C05279	False	True
C05109	False	True
C16429	False	True
C11508	False	True
C16643	False	True
C22202	False	True
C00468	False	True
C20701	False	True
C20693	False	True
C15783	False	True
C00909	False	True
G13073	False	True
C06178	False	True
C16300	False	True
C13508	False	True
C02249	False	True
C12135	False	True
C04043	False	True
C02273	False	True
C00800	False	True
C18243	False	True
G00165	False	True
C00187	False	True
C11521	False	True
C08650	False	True
C11135	False	True
C15915	False	True
G00249	False	True
C14774	False	True
C01530	False	True
C04475	False	True
C04076	False	True
C01234	False	True
C22121	False	True
C01259	False	True
C01233	False	True
C00550	False	True
C19592	False	True
C21016	False	True
C16614	False	True
